Country,Density,Abbreviation,AgriculturalLandPct,AgriculturalLandPctRanking,LandArea,LandAreaRanking,ArmedForcesSize,ArmedForcesSizeRanking,BirthRate,BirthRateRanking,CallingCode,CapitalCity,Co2Emissions,Co2EmissionsRanking,CPI,CPIRanking,CurrencyCode,FertilityRate,FertilityRateRanking,ForestedAreaPct,ForestedAreaPctRanking,GasolinePrice,GasolinePriceRanking,GDP,GDPRanking,PrimaryEducationEnrollmentRatio,PrimaryEducationEnrollmentRatioRanking,InfantMortality,InfantMortalityRanking,LargestCity,LifeExpectancy,LifeExpectancyRanking,MaternalMortalityRatio,MaternalMortalityRatioRanking,MinimumWage,MinimumWageRanking,OfficialLanguage,OutOfPocketHealthExpenditure,OutOfPocketHealthExpenditureRanking,PhysiciansPerThousand,PhysiciansPerThousandRanking,Population,PhysiciansPerThousandRanking,PopulationLaborForcePct,PopulationLaborForcePctRanking,TaxRevenuePct,TaxRevenuePctRanking,TotalTaxRate,TotalTaxRateRanking,UnemploymentRate,UnemploymentRateRanking,UrbanPopulation,UrbanPopulationRanking,Latitude,Longitude,RandomBorderCountry,HighestElevation,HighestElevationRanking,CoastlineDistance,CoastlineDistanceRanking,Landlocked,MostPopularReligion,MedianAge,MedianAgeRanking,DeathRatePerThousand,DeathRatePerThousandRanking,Obesity,ObesityRanking,LiteracyPct,LiteracyPctRanking,GDPPerCapita,GDPPerCapitaRanking,PopulationBelowPovertyLine,PopulationBelowPovertyLineRanking,TotalExports,TotalExportsRanking,ExportPartners,InternetUsersPct,InternetUsersPctRanking,InternetCountryCode
Malawi,203,MW,61.40%,35,"118,484",119,"15,000",119,34.12,23,265,Lilongwe,"1,298",153,418.34,5,MWK,4.21,33,33.20%,86,$1.15,59,"$7,666,704,427",147,142.5,1,35.3,43,Lilongwe,63.8,157,349,29,$0.12,144,English,11.00%,166,0.04,184,"18,628,747",62,76.70%,20,17.30%,77,34.50%,112,5.65%,80,"3,199,301",113,-13.254308,34.301525,Zambia 847 km,"3,002",57,0,157,TRUE,Protestant 33.5% (includes Church of Central Africa Presbyterian 14.2%,16.8,173,4.51,158,5.80%,159,67.30%,123,"$1,500.00",170,51.50%,16,"$1,538,000,000.00",145,"['Belgium 16%', 'United States 8%', 'Egypt 7%']",24%,162,.mw
Madagascar,48,MG,71.20%,20,"587,041",100,"22,000",100,32.66,30,261,Antananarivo,"3,905",132,184.33,23,MGA,4.08,35,21.40%,116,$1.11,70,"$14,083,906,357",128,142.5,2,38.2,37,Antananarivo,66.7,141,335,31,$0.21,139,French,21.70%,123,0.18,155,"26,969,307",51,86.10%,2,10.20%,138,38.30%,84,1.76%,162,"10,210,849",59,-18.766947,46.869107,,"2,876",66,"4,828",51,FALSE,Church of Jesus Christ in Madagascar/Malagasy Lutheran Church/Anglican Church 34%,20.3,147,5.92,126,5.30%,165,77.30%,110,"$1,500.00",169,70.70%,3,"$3,341,000,000.00",129,"['United States 19%', 'France 18%', 'United Arab Emirates 7%']",20%,168,.mg
Nepal,203,NP,28.70%,124,"147,181",53,"112,000",53,19.89,81,977,Kathmandu,"9,105",105,188.73,20,NPR,1.92,117,25.40%,107,$0.91,109,"$30,641,380,604",101,142.1,3,26.7,59,Kathmandu,70.5,122,186,46,$0.36,120,Nepali,60.40%,19,0.75,120,"28,608,710",49,83.80%,3,20.70%,47,41.80%,72,1.41%,166,"5,765,513",84,28.394857,84.124008,"India 1,770 km","8,849",2,0,138,TRUE,Hindu 81.2%,25.3,119,5.59,136,4.10%,171,71.20%,119,"$3,800.00",141,25.20%,61,"$2,520,000,000.00",134,"['India 68%', 'United States 10%']",52%,130,.np
Gabon,9,GA,20.00%,145,"267,667",140,"7,000",140,31.61,37,241,Libreville,"5,321",124,122.19,94,XAF,3.97,40,90.00%,3,$0.92,102,"$16,657,960,228",120,139.9,4,32.7,48,Libreville,66.2,145,252,39,$1.46,62,French,25.90%,108,0.68,125,"2,172,579",143,52.90%,146,10.20%,140,47.10%,51,20.00%,5,"1,949,694",130,-0.803689,11.609444,"Republic of the Congo 2,567 km","1,050",133,885,6,FALSE,Roman Catholic 42.3%,21,143,5.59,137,15%,120,85.50%,99,"$13,800.00",87,33.40%,46,"$10,800,000,000.00",90,"['China 63%', 'Singapore 5%']",72%,102,.ga
Rwanda,525,RW,73.40%,12,"26,338",81,"35,000",81,31.7,36,250,Kigali,"1,115",156,151.09,53,RWF,4.04,38,19.70%,118,$1.17,53,"$10,122,472,590",143,133.0,5,27,58,Kigali,68.7,132,248,41,,,Swahili,26.00%,107,0.13,164,"12,626,950",75,83.70%,5,14.30%,102,33.20%,120,1.03%,168,"2,186,104",128,-1.940278,29.873888,Burundi 315 km,"4,519",29,0,148,TRUE,Protestant 57.7% (includes Adventist 12.6%),19.7,155,5.77,130,5.80%,158,75.90%,114,"$2,200.00",159,38.20%,37,"$2,110,000,000.00",140,"['United Arab Emirates 35%', 'Democratic Republic of the Congo 28%', 'Uganda 5%']",30%,156,.rw
Sweden,25,SE,7.40%,173,"450,295",87,"30,000",87,11.4,140,46,Stockholm,"43,252",60,110.51,151,SEK,1.76,127,68.90%,16,$1.42,22,"$530,832,908,738",23,126.6,6,2.2,179,S�����,82.5,14,4,170,,,Swedish,15.20%,149,3.98,24,"10,285,453",87,64.60%,73,27.90%,8,49.10%,40,6.48%,67,"9,021,165",63,60.128161,18.643501,Finland 545 km,"2,100",102,"3,218",72,FALSE,Church of Sweden (Lutheran) 57.6%,41.1,34,9.50,42,20.60%,89,,,"$53,600.00",16,17.10%,106,"$290,793,000,000.00",23,"['Germany 10%', 'Norway 9%', 'United States 8%']",88%,40,.se
Namibia,3,,47.10%,66,"824,292",114,"16,000",114,28.64,48,264,Windhoek,"4,228",131,157.97,43,,3.4,53,8.30%,148,$0.76,131,"$12,366,527,719",136,124.2,7,29,55,Windhoek,63.4,162,195,45,,,English,8.30%,173,0.42,135,"2,494,530",140,59.50%,115,27.10%,11,20.70%,167,20.27%,4,"1,273,258",141,-22.95764,18.49041,"South Africa 1,005 km","2,573",82,"1,572",124,FALSE,Christian 97.5%,21.8,140,6.64,101,17.20%,112,92.30%,82,"$9,100.00",111,17.40%,104,"$3,955,000,000.00",124,"['China 29%', 'South Africa 20%', 'Botswana 8%']",53%,129,.na
Togo,152,TG,70.20%,23,"56,785",131,"10,000",131,33.11,27,228,Lom�,"3,000",136,113.3,136,XOF,4.32,30,3.10%,164,$0.71,143,"$5,459,979,417",154,123.8,8,47.4,27,Lom�,60.8,172,396,26,$0.34,123,French,51.00%,33,0.08,170,"8,082,366",100,77.60%,17,16.90%,81,48.20%,46,2.04%,156,"3,414,638",110,8.619543,0.824782,Burkina Faso 131 km,986,136,56,25,FALSE,Christian 42.3%,20,150,5.16,147,8.40%,139,66.50%,125,"$2,100.00",162,55.10%,13,"$1,722,000,000.00",144,"['India 16%', 'Benin 15%', 'Burkina Faso 6%']",35%,147,.tg
Benin,108,BJ,33.30%,109,"112,622",125,"12,000",125,36.22,15,229,Porto-Novo,"6,476",119,110.71,147,XOF,4.84,14,37.80%,70,$0.72,137,"$14,390,709,095",126,122.0,9,60.5,12,Cotonou,61.5,166,397,25,$0.39,115,French,40.50%,58,0.08,171,"11,801,151",76,70.90%,36,10.80%,133,48.90%,42,2.23%,152,"5,648,149",86,9.30769,2.315834,Burkina Faso 386 km,,,121,116,FALSE,Muslim 27.7%,17,171,7.82,77,9.60%,131,45.80%,139,"$3,300.00",146,38.50%,35,"$3,506,000,000.00",127,"['Nigeria 25%', 'Bangladesh 14%', 'United Arab Emirates 14%']",34%,150,.bj
Burundi,463,BI,79.20%,5,"27,830",86,"31,000",86,39.01,7,257,Bujumbura,495,167,182.11,27,BIF,5.41,7,10.90%,142,$1.21,47,"$3,012,334,882",164,121.4,10,41,31,Bujumbura,61.2,169,548,15,,,Kirundi,19.10%,134,0.1,167,"11,530,580",78,79.20%,12,13.60%,108,41.20%,76,1.43%,165,"1,541,177",137,-3.373056,29.918886,Democratic Republic of the Congo 236 km,"2,685",75,0,161,TRUE,Roman Catholic 58.6%,17.7,169,5.85,128,5.40%,163,74.70%,116,$700.00,178,64.60%,6,"$285,105,000.00",165,"['United Arab Emirates 50%', 'Democratic Republic of the Congo 7%']",5.80%,178,.bi
Lesotho,71,LS,77.60%,7,"30,355",156,"2,000",156,26.81,53,266,Maseru,"2,512",140,155.86,47,,3.14,56,1.60%,170,$0.70,146,"$2,460,072,444",165,120.9,11,65.7,7,Maseru,53.7,185,544,16,$0.41,110,English,16.90%,144,0.07,177,"2,125,268",144,67.90%,53,31.60%,4,13.60%,177,23.41%,2,"607,508",152,-29.609988,28.233608,"South Africa 1,106 km","3,482",44,0,153,TRUE,Protestant 47.8% (Pentecostal 23.1%,24.7,123,10.90,23,16.60%,114,81%,107,"$2,300.00",156,49.70%,19,"$1,080,000,000.00",150,"['United States 29%', 'Belgium 26%', 'South Africa 25%']",48%,135,.ls
Nicaragua,55,NI,42.10%,84,"130,370",124,"12,000",124,20.64,76,505,Managua,"5,592",123,162.74,40,NIO,2.4,85,25.90%,105,$0.91,108,"$12,520,915,291",135,120.6,12,15.7,88,Managua,74.3,86,98,68,$0.54,100,Spanish,36.00%,82,0.98,109,"6,545,502",108,66.40%,64,15.60%,88,60.60%,20,6.84%,62,"3,846,137",107,12.865416,-85.207229,Honduras 940 km,"2,085",103,910,3,TRUE,Roman Catholic 50%,27.3,109,5.19,145,23.70%,57,82.60%,103,"$5,600.00",129,24.90%,65,"$6,617,000,000.00",109,"['United States 60%', 'El Salvador 5%', 'Mexico 5%']",57%,124,.ni
Guinea-Bissau,70,GW,58.00%,45,"36,125",148,"4,000",148,35.13,20,245,Bissau,293,172,111.65,141,XOF,4.48,24,69.80%,14,,,"$1,340,389,411",178,118.7,13,54,15,Bissau,58,178,667,8,$0.16,142,Portuguese,37.20%,70,0.13,163,"1,920,922",146,72.00%,34,10.30%,137,45.50%,58,2.47%,146,"840,922",148,11.803749,-15.180413,Guinea 421 km,277,160,350,61,TRUE,Muslim 46.1%,18,167,7.32,86,9.50%,132,52.90%,134,"$1,800.00",165,67%,5,"$232,536,000.00",166,"['India 50%', 'Belgium 28%', ""Cote d'Ivoire 8%""]",35%,148,.gw
Bangladesh,"1,265",BD,70.60%,21,"148,460",29,"221,000",29,18.18,92,880,Dhaka,"84,246",44,179.68,31,BDT,2.04,109,11.00%,140,$1.12,66,"$302,571,254,131",42,116.5,14,25.1,61,Dhaka,72.3,105,173,50,$0.51,103,Bengali,71.80%,10,0.58,129,"167,310,838",8,59.00%,120,8.80%,153,33.40%,118,4.19%,114,"60,987,417",14,23.684994,90.356331,"India 4,142 km","1,060",132,580,21,TRUE,Muslim 88.4%,27.9,105,5.50,140,3.60%,174,74.90%,115,"$5,900.00",126,24.30%,67,"$49,386,000,000.00",58,"['United States 15%', 'Germany 14%', 'United Kingdom 8%']",39%,140,.bd
Tonga,147,TO,45.80%,70,747,179,,,24.3,59,676,Nuku����,128,184,121.09,99,TOP,3.56,50,12.50%,137,,,"$450,353,314",186,116.3,15,13.4,101,Nuku����,70.8,121,52,93,,,Tongan Language,10.20%,169,0.52,130,"100,209",180,59.80%,110,22.30%,36,27.50%,149,1.12%,167,"24,145",184,-21.178986,-175.198242,,"1,046",134,419,41,FALSE,Protestant 64.1% (includes Free Wesleyan Church 35%,24.1,125,4.95,152,48.20%,5,99.40%,23,"$6,100.00",124,22.50%,78,"$58,745,000.00",174,"['United States 38%', 'South Korea 18%', 'Australia 14%']",67%,111,.to
Brazil,25,BR,33.90%,107,"8,515,770",8,"730,000",8,13.92,123,55,Bras���,"462,299",14,167.4,36,BRL,1.73,133,58.90%,28,$1.02,83,"$1,839,758,040,766",10,115.4,16,12.8,103,S����,75.7,69,60,86,$1.53,57,Portuguese,28.30%,99,2.15,75,"212,559,417",6,63.90%,80,14.20%,104,65.10%,16,12.08%,27,"183,241,641",4,-14.235004,-51.92528,Suriname 515 km,"2,994",59,"7,491",13,FALSE,Roman Catholic 64.6%,33.2,70,6.90,97,22.10%,75,94.30%,78,"$14,600.00",80,4.20%,151,"$317,175,000,000.00",20,"['China 28%', 'United States 13%']",81%,70,.br
Tunisia,76,TN,64.80%,28,"163,610",70,"48,000",70,17.56,99,216,Tunis,"29,937",73,155.33,50,TND,2.2,98,6.80%,156,$0.73,136,"$38,797,709,924",93,115.4,17,14.6,92,Tunis,76.5,62,43,97,$0.47,107,Arabic,39.80%,60,1.3,98,"11,694,719",77,46.10%,162,21.10%,43,60.70%,19,16.02%,13,"8,099,061",71,33.886917,9.537499,"Algeria 1,034 km","1,544",119,"1,148",132,FALSE,Muslim (official; Sunni) 99%,32.7,73,6.38,113,26.90%,35,82.70%,102,"$10,400.00",108,15.20%,116,"$19,743,000,000.00",78,"['France 29%', 'Italy 17%', 'Germany 13%']",79%,76,.tn
East Timor,89,TL,25.60%,131,"14,874",158,"2,000",158,29.42,43,670,Dili,495,168,145.38,59,USD,4.02,39,45.40%,52,$1.10,71,"$1,673,540,300",175,115.3,18,39.3,33,Dili,69.3,129,142,58,$0.60,97,Portuguese,10.20%,168,0.72,122,"3,500,000",130,67.30%,57,25.00%,22,17.30%,172,4.55%,102,"400,182",158,-8.874217,125.727539,,,,,189,,,,,,,,,,,,,,,,,,,,
Dominica,96,DM,33.30%,110,751,178,,,12,133,1,Roseau,180,179,103.87,170,XCD,1.9,118,57.40%,30,,,"$596,033,333",185,114.7,19,32.9,47,Roseau,76.6,60,,,$1.48,61,English,28.40%,98,1.08,106,"71,808",184,,,22.10%,37,32.60%,122,,,"50,830",176,15.414999,-61.370976,,"1,447",122,148,112,FALSE,Roman Catholic 52.7%,34.9,63,8.12,66,27.90%,29,,,"$10,900.00",104,29%,53,"$104,959,000.00",170,"['Saudi Arabia 28%', 'France 6%', 'United States 5%']",81%,73,.dm
Colombia,46,CO,40.30%,91,"1,138,910",15,"481,000",15,14.88,113,57,Bogot�,"97,814",40,140.95,67,COP,1.81,125,52.70%,37,$0.68,147,"$323,802,808,108",39,114.5,20,12.2,107,Bogot�,77.1,52,83,75,$1.23,68,Spanish,18.30%,136,2.18,73,"50,339,443",29,68.80%,46,14.40%,101,71.20%,10,9.71%,42,"40,827,302",22,4.570868,-74.297333,"Peru 1,494 km","5,730",15,"3,208",73,FALSE,Christian 92.3% (predominantly Roman Catholic),31.2,80,7.84,75,22.30%,72,95.60%,66,"$14,600.00",78,35.70%,43,"$50,793,000,000.00",56,"['United States 31%', 'China 11%', 'Panama 6%']",73%,99,.co
Morocco,83,MA,68.50%,25,"446,550",27,"246,000",27,18.94,87,212,Rabat,"61,276",51,111.07,144,MAD,2.42,81,12.60%,133,$0.99,87,"$118,725,279,596",59,113.9,21,19.2,76,Casablanca,76.5,61,70,80,$1.60,51,Arabic,53.10%,30,0.73,121,"36,910,560",40,45.30%,165,21.90%,40,45.80%,57,9.02%,47,"22,975,026",37,31.791702,-7.09262,Spain (Ceuta) 8 km and Spain (Melilla) 10.5 km,"4,165",34,"2,945",87,FALSE,Muslim 99% (official; virtually all Sunni,29.1,98,6.61,103,26.10%,39,75.90%,113,"$8,100.00",119,4.80%,149,"$47,078,000,000.00",59,"['Spain 20%', 'France 19%', 'India 5%']",88%,41,.ma
Haiti,414,HT,66.80%,26,"27,750",168,0,166 (tied),24.35,58,509,Port-au-Prince,"2,978",138,179.29,32,HTG,2.94,60,3.50%,161,$0.81,122,"$8,498,981,821",144,113.6,22,49.5,23,Port-au-Prince,63.7,160,480,21,$0.25,133,French,36.30%,79,0.23,147,"11,263,077",82,67.20%,58,,,42.70%,69,13.78%,19,"6,328,948",81,18.971187,-72.285215,Dominican Republic 376 km,"2,674",76,"1,771",121,FALSE,Catholic 55%,24.1,128,7.17,89,22.70%,65,61.70%,130,"$2,900.00",150,58.50%,10,"$1,241,000,000.00",148,"['United States 83%', 'Canada 4%', 'Mexico 3%']",39%,141,.ht
Angola,26,AO,47.50%,64,"1,246,700",51,"117,000",51,40.73,6,244,Luanda,"34,693",67,261.73,12,AOA,5.52,6,46.30%,50,$0.97,93,"$94,635,415,870",65,113.5,23,51.6,18,Luanda,60.8,171,241,43,$0.71,91,Portuguese,33.40%,87,0.21,150,"31,825,295",45,77.50%,18,9.20%,149,49.10%,41,6.89%,61,"21,061,025",40,-11.202692,17.873887,"Zambia 1,065 km","2,620",79,"1,600",123,TRUE,Roman Catholic 41.1%,15.9,176,7.80,78,8.20%,142,71.10%,120,"$5,900.00",127,32.30%,50,"$33,675,000,000.00",65,"['China 62%', 'India 10%', 'United Arab Emirates 4%']",33%,152,.ao
Saint Vincent and the Grenadines,284,VC,25.60%,130,389,184,,,14.24,114,1,Kingstown,220,177,109.67,157,XCD,1.89,120,69.20%,15,,,"$825,385,185",184,113.4,24,14.8,91,Calliaqua,72.4,103,68,82,$1.16,71,English,21.40%,126,0.66,126,"100,455",179,65.90%,66,25.40%,19,37.00%,94,18.88%,6,"58,185",174,12.984305,-61.287228,,"1,234",127,84,9,FALSE,Protestant 75% (Pentecostal 27.6%,35.3,62,7.58,79,23.70%,56,,,"$13,700.00",90,,,"$125,777,000.00",168,"['Netherlands 45%', 'India 9%', 'United States 6%']",85%,58,.vc
Costa Rica,100,CR,34.50%,104,"51,100",132,"10,000",132,13.97,120,506,San Jos������,"8,023",110,128.85,84,CRC,1.75,128,54.60%,33,$0.98,89,"$61,773,944,174",77,113.3,25,7.6,126,San Jos������,80.1,31,27,115,$1.84,47,Spanish,21.50%,124,2.89,49,"5,047,561",120,62.10%,91,13.60%,109,58.30%,24,11.85%,28,"4,041,885",103,9.748917,-83.753428,Nicaragua 313 km,"3,819",38,"1,290",129,TRUE,Roman Catholic 47.5%,32.6,74,4.97,151,25.70%,42,98%,46,"$21,200.00",60,21%,86,"$23,761,000,000.00",74,"['United States 38%', 'Netherlands 6%', 'Belgium 5%']",83%,63,.cr
India,464,IN,60.40%,36,"3,287,263",1,"3,031,000",1,17.86,96,91,New Delhi,"2,407,672",3,180.44,30,INR,2.22,95,23.80%,109,$0.97,94,"$2,611,000,000,000",7,113.0,26,29.9,54,Kurebhar,69.4,128,145,55,$0.30,128,Hindi,65.10%,14,0.86,114,"1,366,417,754",2,49.30%,154,11.20%,132,49.70%,39,5.36%,87,"471,031,528",2,20.593684,78.96288,"Pakistan 3,190 km","8,586",4,"7,000",15,TRUE,Hindu 79.8%,28.7,103,9.65,35,3.90%,172,74.40%,117,"$6,600.00",123,21.90%,81,"$643,080,000,000.00",10,"['US 18%', 'UAE 6%', 'China 6%']",46%,138,.in
Sierra Leone,111,SL,54.70%,50,"71,740",135,"9,000",135,33.41,25,232,Freetown,"1,093",157,234.16,14,SLL,4.26,31,43.10%,55,$1.08,74,"$3,941,474,311",159,112.8,27,78.5,2,Freetown,54.3,182,1120,3,$0.57,98,English,38.20%,66,0.03,185,"7,813,215",101,57.90%,124,8.60%,155,30.70%,135,4.43%,104,"3,319,366",111,8.460555,-11.779889,Guinea 794 km,"1,948",109,402,44,FALSE,Muslim 77.1%,19.1,158,9.14,48,8.70%,135,47.70%,137,"$1,600.00",167,56.80%,11,"$700,971,000.00",157,"['Belgium 26%', 'China 25%', 'Romania 9%']",12.70%,174,.sl
North Korea,214,KP,21.80%,140,"120,538",3,"1,469,000",3,13.89,124,850,Pyongyang,"28,284",75,,,KPW,1.9,119,40.70%,63,$0.58,154,"$32,100,000,000",99,112.8,28,13.7,96,Pyongyang,72.1,107,89,72,,,Korean,,,3.67,29,"25,666,161",55,80.40%,10,,,,,2.74%,142,"15,947,412",46,40.339852,127.510093,,,,,183,,,,,,,,,,,,,,,,,,,,
Palau,39,PW,10.90%,164,459,183,,,14,117,680,Ngerulmud,224,176,118.17,109,USD,2.21,96,87.60%,5,,,"$283,994,900",188,112.6,29,16.6,85,Koror,69.1,131,,,$3.00,33,English,21.80%,122,1.18,104,"18,233",190,,,21.30%,42,76.60%,6,,,"14,491",187,7.51498,134.58252,,242,162,"1,519",125,FALSE,Roman Catholic 45.3%,33.9,65,8.31,62,55.30%,2,96.60%,57,"$13,800.00",86,24.90%,64,"$12,070,000.00",176,"['Japan 70%', 'South Korea 15%', 'United States 7%']",37.20%,143,.pw
Mozambique,40,MZ,63.50%,32,"799,380",127,"11,000",127,37.52,12,258,Maputo,"7,943",111,182.31,26,MZN,4.85,13,48.00%,48,$0.65,148,"$14,934,159,926",124,112.6,30,54,16,Maputo,60.2,174,289,37,$0.27,132,Portuguese,6.80%,176,0.08,174,"30,366,036",47,78.10%,15,0.00%,167,36.10%,103,3.24%,137,"11,092,106",54,-18.665695,35.529562,Zambia 439 km,"2,436",90,"2,470",94,TRUE,Roman Catholic 27.2%,17,170,9.93,32,7.20%,148,63.40%,127,"$1,200.00",174,46.10%,24,"$6,404,000,000.00",110,"['South Africa 16%', 'India 13%', 'China 12%']",17%,172,.mz
Myanmar,83,MM,19.50%,147,"676,578",13,"513,000",13,17.55,100,95,Naypyidaw,"25,280",78,168.18,35,MMK,2.15,99,43.60%,53,$0.54,158,"$76,085,852,617",71,112.3,31,36.8,41,Yangon,66.9,140,250,40,$0.39,116,Burmese,73.90%,7,0.68,124,"54,045,420",26,61.70%,97,5.40%,160,31.20%,131,1.58%,164,"16,674,093",44,21.916221,95.955974,,,,,182,,,,,,,,,,,,,,,,,,,,
Belize,17,BZ,7.00%,174,"22,966",157,"2,000",157,20.79,75,501,Belmopan,568,163,105.68,165,BZD,2.31,89,59.70%,27,$1.13,62,"$1,879,613,600",171,111.7,32,11.2,111,Belize City,74.5,82,36,106,$1.65,49,English,22.70%,121,1.12,105,"390,353",169,65.10%,71,26.30%,14,31.10%,132,6.41%,69,"179,039",168,17.189877,-88.49765,Guatemala 266 km,"1,124",131,386,54,FALSE,Roman Catholic 40.1%,23.9,131,3.89,168,24.10%,54,,,"$8,800.00",116,41%,32,"$1,044,000,000.00",151,"['United States 16%', 'United Kingdom 16%', 'Guatemala 7%']",62%,118,.bz
Iran,52,IR,28.20%,125,"1,648,195",11,"563,000",11,18.78,89,98,Tehran,"661,710",7,550.93,4,IRR,2.14,100,6.60%,157,$0.40,165,"$445,345,282,123",29,110.7,33,12.4,104,Tehran,76.5,63,16,132,$1.58,52,Persian,39.70%,61,1.58,90,"82,913,906",19,44.70%,166,7.40%,158,44.70%,62,11.38%,32,"62,509,623",13,32.427908,53.688046,Azerbaijan 689 km,"5,625",18,"2,440",96,TRUE,Muslim (official) 99.6% (Shia 90-95%,31.7,78,5.20,144,25.80%,41,88.70%,90,"$15,000.00",75,18.70%,98,"$101,400,000,000.00",39,"['China 48%', 'India 12%', 'South Korea 8%']",79%,74,.ir
Vietnam,314,VN,39.30%,95,"331,210",12,"522,000",12,16.75,105,84,Hanoi,"192,668",30,163.52,39,VND,2.05,108,48.10%,47,$0.80,123,"$261,921,244,843",45,110.6,34,16.5,86,Ho Chi Minh City,75.3,75,43,98,$0.73,89,Vietnamese,43.50%,52,0.82,116,"96,462,106",15,77.40%,19,19.10%,59,37.60%,89,2.01%,157,"35,332,140",26,14.058324,108.277199,"China 1,297 km","3,144",49,"3,444",70,FALSE,Catholic 6.1%,31.9,77,5.77,129,2.10%,175,95.80%,63,"$10,600.00",106,6.70%,144,"$339,984,000,000.00",19,"['US 28%', 'China 17%', 'South Korea 6%']",74%,96,.vn
Samoa,70,WS,12.40%,158,"2,831",175,,,24.38,57,685,Apia,246,174,117.56,113,WST,3.88,41,60.40%,26,$0.91,107,"$850,655,017",183,110.5,35,13.6,98,Apia,73.2,94,43,99,$0.78,88,Samoan,11.50%,163,0.34,141,"202,506",174,43.70%,168,25.50%,18,19.30%,171,8.36%,53,"35,588",180,-13.759029,-172.104629,,"1,857",113,403,42,FALSE,Protestant 54.9% (Congregationalist 29%,25.6,118,5.38,143,47.30%,6,99.10%,28,"$5,500.00",130,20.30%,90,"$97,774,000.00",171,"['United States 20%', 'New Zealand 16%', 'American Samoa 11%']",78%,86,.ws
Algeria,18,DZ,17.40%,152,"2,381,741",21,"317,000",21,24.28,60,213,Algiers,"150,006",34,151.36,51,DZD,3.02,59,0.80%,176,$0.28,171,"$169,988,236,398",55,109.9,36,20.1,75,Algiers,76.7,59,112,66,$0.95,80,Arabic,28.10%,101,1.72,86,"43,053,054",34,41.20%,173,37.20%,1,66.10%,14,11.70%,30,"31,510,100",28,28.033886,1.659626,"Mali 1,359 km","2,908",65,998,1,FALSE,Muslim (official; predominantly Sunni) 99%,28.9,101,4.33,159,27.40%,33,81.40%,106,"$11,000.00",102,5.50%,146,"$41,776,000,000.00",61,"['Italy 13%', 'France 13%', 'Spain 12%']",71%,104,.dz
Zimbabwe,38,ZW,41.90%,87,"390,757",68,"51,000",68,30.68,39,263,Harare,"10,983",96,105.51,166,ZWL,3.62,46,35.50%,76,$1.34,35,"$21,440,758,800",112,109.9,37,33.9,45,Harare,61.2,170,458,23,,,Shona,25.80%,110,0.21,151,"14,645,468",73,83.10%,7,20.70%,48,31.60%,128,4.95%,92,"4,717,305",93,-19.015438,29.154857,South Africa 230 km,"2,592",81,0,163,TRUE,Protestant 74.8% (includes Apostolic 37.5%,20.5,146,8.51,57,15.50%,119,89.70%,86,"$2,100.00",161,38.30%,36,"$5,263,000,000.00",116,"['United Arab Emirates 40%', 'South Africa 23%', 'Mozambique 9%']",35%,146,.zw
Argentina,17,AR,54.30%,52,"2,780,400",54,"105,000",54,17.02,104,54,Buenos Aires,"201,348",28,232.75,15,ARS,2.26,92,9.80%,145,$1.10,72,"$449,663,446,954",26,109.7,38,8.8,120,Buenos Aires,76.5,65,39,101,$3.35,26,Spanish,17.60%,141,3.96,25,"44,938,712",31,61.30%,101,10.10%,142,106.30%,2,9.79%,41,"41,339,571",21,-38.416097,-63.616672,Bolivia 942 km,"6,962",9,"4,989",47,FALSE,Roman Catholic 62.9%,32.4,76,7.28,87,28.30%,26,99%,31,"$21,500.00",59,35.50%,44,"$87,415,000,000.00",43,"['Brazil 16%', 'China 11%', 'United States 7%']",87%,43,.ar
Vanuatu,25,VU,15.30%,155,"12,189",174,,,29.6,42,678,Port Vila,147,181,117.13,115,VUV,3.78,44,36.10%,73,$1.31,39,"$917,058,851",182,109.3,39,22.3,68,Port Vila,70.3,124,72,79,$1.56,55,French,8.90%,172,0.17,159,"299,882",172,69.90%,43,17.80%,73,8.50%,181,4.39%,105,"76,152",171,-15.376706,166.959158,,"1,877",111,"2,528",92,FALSE,Protestant 70% (includes Presbyterian 27.9%,23,138,3.99,166,25.20%,45,89.10%,87,"$2,800.00",151,,,"$88,805,000.00",172,"['Japan 33%', 'Thailand 13%', 'Mauritania 13%']",66%,114,.vu
Libya,4,LY,8.70%,168,"1,759,540",166,0,166 (tied),18.83,88,218,,"50,564",54,125.71,87,LYD,2.24,94,0.10%,184,$0.11,174,"$52,076,250,948",85,109.0,40,10.2,115,,72.7,101,72,78,$1.88,46,Arabic,36.70%,73,2.09,77,"6,777,452",107,49.70%,152,,,32.60%,123,18.56%,7,"5,448,597",89,26.3351,17.228331,"Chad 1,050 km","2,267",97,"1,770",122,TRUE,Muslim (official; virtually all Sunni) 96.6%,25.8,115,3.45,173,32.50%,13,91%,85,"$22,000.00",57,33.33%,47,"$9,537,000,000.00",96,"['Italy 18%', 'China 16%', 'Germany 15%']",46.20%,137,.ly
Suriname,4,SR,0.60%,187,"163,820",154,"2,000",154,18.54,90,597,Paramaribo,"1,738",148,294.66,6,SRD,2.42,80,98.30%,1,$1.29,41,"$3,985,250,737",158,108.8,41,16.9,82,Paramaribo,71.6,112,120,63,,,Dutch,10.10%,170,1.21,101,"581,372",164,51.10%,151,19.50%,57,27.90%,148,7.33%,56,"384,258",159,3.919305,-56.027783,Guyana 836 km,"1,230",128,386,53,FALSE,Protestant 23.6% (includes Evangelical 11.2%,31,83,6.63,102,26.40%,37,95%,72,"$14,800.00",76,70%,4,"$2,299,000,000.00",137,"['Switzerland 51%', 'United Arab Emirates 22%', 'Belgium 6%']",66%,113,.sr
Saint Kitts and Nevis,205,KN,23.10%,137,261,186,,,12.6,129,1,Basseterre,238,175,104.57,169,XCD,2.11,102,42.30%,60,,,"$1,050,992,593",181,108.7,42,9.8,116,Basseterre,71.3,117,,,$3.33,27,English,56.60%,24,2.52,62,"52,823",186,,,18.50%,65,49.70%,38,,,"16,269",186,17.357822,-62.782998,,"1,156",129,135,114,FALSE,Protestant 75.6% (includes Anglican 16.6%,36.5,57,7.32,85,22.90%,64,,,"$26,500.00",50,,,"$408,471,000.00",161,"['United States 56%', 'Italy 19%', 'Canada 4%']",79%,80,.kn
Iraq,93,IQ,21.40%,141,"438,317",31,"209,000",31,29.08,45,964,Baghdad,"190,061",31,119.86,102,IQD,3.67,45,1.90%,168,$0.61,151,"$234,094,042,939",49,108.7,43,22.5,66,Baghdad,70.5,123,79,77,$1.24,67,Arabic,76.50%,5,0.71,123,"39,309,783",36,43.00%,171,2.00%,163,30.80%,134,12.82%,22,"27,783,368",32,33.223191,43.679291,Turkey 367 km,"3,611",43,58,22,FALSE,Muslim (official) 95-98% (Shia 61-64%,21.2,142,3.88,169,30.40%,18,85.60%,98,"$9,000.00",113,23%,75,"$78,261,000,000.00",46,"['China 26%', 'India 24%', 'South Korea 9%']",49%,132,.iq
Uruguay,20,UY,82.60%,1,"176,215",101,"22,000",101,13.86,125,598,Montevideo,"6,766",117,202.92,18,UYU,1.97,116,10.70%,143,$1.50,15,"$56,045,912,952",81,108.5,44,6.4,133,Montevideo,77.8,45,17,127,$1.66,48,Spanish,16.20%,146,5.05,10,"3,461,734",131,64.00%,79,20.10%,51,41.80%,73,8.73%,50,"3,303,394",112,-32.522779,-55.765835,"Brazil 1,050 km",514,151,660,16,TRUE,Roman Catholic 42%,35.5,60,9.12,50,27.90%,28,98.80%,36,"$22,800.00",56,8.80%,139,"$18,820,000,000.00",79,"['China 29%', 'Brazil 12%', 'United States 5%']",90%,35,.uy
Papua New Guinea,20,PG,2.60%,184,"462,840",147,"4,000",147,27.07,52,675,Port Moresby,"7,536",113,155.99,46,PGK,3.56,49,74.10%,9,$1.36,32,"$24,969,611,435",106,108.5,45,38,38,Port Moresby,64.3,153,145,56,$1.16,70,Tok Pisin,5.80%,181,0.07,178,"8,776,109",98,47.20%,158,13.60%,110,37.10%,93,2.46%,147,"1,162,834",142,-6.314993,143.95555,Indonesia 824 km,"4,509",30,"5,152",32,FALSE,Protestant 64.3% (Evangelical Lutheran 18.4%,24,129,5.48,141,21.30%,84,64.20%,126,"$3,700.00",143,37%,41,"$10,597,000,000.00",91,"['Japan 25%', 'China 25%', 'Australia 16%']",32%,153,.pg
United Arab Emirates,118,AE,5.50%,177,"83,600",65,"63,000",65,10.33,152,971,Abu Dhabi,"206,324",26,114.52,128,AED,1.41,172,4.60%,158,$0.49,159,"$421,142,267,938",30,108.4,46,6.5,132,Dubai,77.8,44,3,176,,,Arabic,17.80%,139,2.53,61,"9,770,529",91,82.10%,9,0.10%,166,15.90%,173,2.35%,149,"8,479,744",68,23.424076,53.847818,Saudi Arabia 457 km,"1,905",110,"1,318",128,FALSE,Muslim (official) 76%,38.4,47,1.62,177,31.70%,16,98.10%,44,"$69,700.00",7,19.50%,95,"$308,500,000,000.00",21,"['India 11%', 'Japan 10%', 'Saudi Arabia 7%']",100%,1,.ae
San Marino,566,SM,16.70%,154,61,189,,,6.8,186,378,City of San Marino,,,110.63,148,EUR,1.26,184,0.00%,187,,,"$1,637,931,034",176,108.1,47,1.7,185,City of San Marino,85.4,1,,,,,Italian,18.30%,137,6.11,5,"33,860",189,,,18.10%,70,36.20%,102,,,"32,969",182,43.94236,12.457777,Italy 37 km,739,147,0,174,TRUE,Roman Catholic,45.2,7,8.83,54,,,99.90%,7,"$56,400.00",13,,,"$3,827,000,000.00",126,"['Romania 10%', 'France 9%', 'Germany 8%']",75%,95,.sm
Democratic Republic of the Congo,40,CD,11.60%,162,"2,344,858",46,"134,000",46,41.18,5,243,Kinshasa,"2,021",144,133.85,72,CDF,5.92,3,67.20%,19,$1.49,16,"$47,319,624,204",87,108.0,48,68.2,6,Kinshasa,60.4,173,473,22,$0.18,140,French,37.40%,68,0.07,176,"86,790,567",16,63.50%,84,10.70%,135,50.70%,35,4.24%,111,"39,095,679",24,-4.038333,21.758664,,,,,181,,,,,,,,,,,,,,,,,,,,
Kyrgyzstan,34,KG,55.00%,49,"199,951",104,"21,000",104,27.1,51,996,Bishkek,"9,787",103,155.68,48,KGS,3.3,55,3.30%,162,$0.56,156,"$8,454,619,608",145,107.6,49,16.9,83,Bishkek,71.4,116,60,87,$0.09,146,Russian,48.20%,39,1.88,84,"6,456,900",109,59.80%,109,18.00%,71,29.00%,143,6.33%,72,"2,362,644",123,41.20438,74.766098,Tajikistan 984 km,"7,439",8,0,142,TRUE,Muslim 90% (majority Sunni),27.3,110,6.07,119,16.60%,115,99.60%,21,"$4,800.00",137,20.10%,93,"$3,350,000,000.00",128,"['United Kingdom 56%', 'Kazakhstan 13%', 'Russia 13%']",78%,83,.kg
Philippines,368,PH,41.70%,88,"300,000",41,"153,000",41,20.55,78,63,Manila,"122,287",35,129.61,81,PHP,2.58,73,27.80%,104,$0.86,116,"$376,795,508,680",34,107.5,50,22.5,67,Manila,71.1,119,121,62,$1.12,72,English,53.50%,29,0.6,128,"108,116,615",13,59.60%,113,14.00%,107,43.10%,66,2.15%,154,"50,975,903",17,12.879721,121.774017,,"2,954",61,"36,289",59,FALSE,Roman Catholic 79.5%,24.1,126,6.32,115,6.40%,153,96.30%,59,"$8,100.00",117,16.70%,110,"$87,790,000,000.00",41,"['China 16%', 'United States 15%', 'Japan 13%']",53%,128,.ph
Cambodia,95,KH,30.90%,119,"181,035",35,"191,000",35,22.46,67,855,Phnom Penh,"9,919",101,127.63,85,,2.5,74,52.90%,35,$0.90,111,"$27,089,389,787",102,107.4,51,24,65,Phnom Penh,69.6,127,160,53,,,Khmer language,59.40%,20,0.17,157,"16,486,542",69,82.30%,8,17.10%,79,23.10%,160,0.68%,171,"3,924,621",104,12.565679,104.990963,Vietnam 1158 km,"1,810",117,443,39,FALSE,Buddhist (official) 97.1%,26.4,113,5.70,132,3.90%,173,83.90%,100,"$4,400.00",139,16.50%,111,"$20,126,000,000.00",77,"['United States 21%', 'Singapore 8%', 'Thailand 8%']",60%,120,.kh
Albania,105,AL,43.10%,81,"28,748",137,"9,000",137,11.78,136,355,Tirana,"4,536",129,119.05,105,ALL,1.62,147,28.10%,103,$1.36,33,"$15,278,077,447",123,107.0,52,7.8,124,Tirana,78.5,39,15,133,$1.12,73,Albanian,56.90%,23,1.2,102,"2,854,191",136,55.70%,134,18.60%,63,36.60%,97,12.33%,24,"1,747,593",133,41.153332,20.168331,Macedonia 181 km,"2,764",72,362,57,FALSE,Muslim 56.7%,34.3,64,7.36,83,21.70%,79,98.40%,42,"$14,500.00",81,14.30%,121,"$5,612,000,000.00",113,"['Italy 45%', 'Spain 8%', 'Germany 6%']",79%,78,.al
Grenada,331,GD,23.50%,134,349,185,,,16.47,107,1,"St. George's, Grenada",268,173,107.43,162,XCD,2.06,107,50.00%,43,$1.12,64,"$1,228,170,370",179,106.9,53,13.7,97,"St. George's, Grenada",72.4,104,25,120,,,English,57.00%,22,1.41,95,"112,003",178,,,19.40%,58,47.80%,48,,,"40,765",178,12.1165,-61.679,,840,144,121,117,FALSE,Protestant 49.2% (includes Pentecostal 17.2%,33.3,69,8.34,61,21.30%,83,98.60%,38,"$13,700.00",88,38%,38,"$393,766,000.00",162,"['United States 30%', 'Saint Vincent and the Grenadines 12%', 'France 7%']",78%,85,.gd
Peru,26,PE,18.50%,150,"1,285,216",39,"158,000",39,17.95,94,51,Lima,"57,414",53,129.78,80,PEN,2.25,93,57.70%,29,$0.99,85,"$226,848,050,820",50,106.9,54,11.1,112,Lima,76.5,64,88,73,$1.28,65,Spanish,30.90%,94,1.27,99,"32,510,453",43,77.60%,16,14.30%,103,36.80%,95,3.31%,136,"25,390,339",33,-9.189967,-75.015152,Chile 168 km,"6,746",10,"2,414",97,FALSE,Roman Catholic 60%,29.1,99,11.04,20,19.70%,102,94.50%,77,"$12,500.00",96,20.20%,91,"$66,098,000,000.00",49,"['China 29%', 'United States 12%', 'Canada 5%']",71%,103,.pe
Republic of the Congo,16,,31.10%,117,"342,000",123,"12,000",123,32.86,29,242,Brazzaville,"3,282",134,124.74,90,XAF,4.43,26,65.40%,20,$0.97,92,"$10,820,591,131",141,106.6,55,36.2,42,Brazzaville,64.3,154,378,27,$0.88,83,French,43.80%,49,0.12,165,"5,380,508",117,69.40%,45,9.00%,151,54.30%,31,9.47%,44,"3,625,010",109,-0.228021,15.827659,,,,,186,,,,,,,,,,,,,,,,,,,,
Andorra,164,AD,40.00%,92,468,182,,,7.2,185,376,Andorra la Vella,469,169,,,EUR,1.27,181,34.00%,82,$1.51,14,"$3,154,057,987",162,106.4,56,2.7,170,Andorra la Vella,,,,,$6.63,15,Catalan,36.40%,77,3.33,35,"77,142",183,,,,,,,,,"67,873",172,42.506285,1.521801,Spain 63 km,"2,946",62,0,158,TRUE,Christian (predominantly Roman Catholic) 89.5,46.2,5,7.98,70,25.60%,43,100%,1,"$49,900.00",19,,,"$1,842,000,000.00",142,"['Spain 40%', 'France 19%', 'United States 11%']",94%,20,.ad
Fiji,49,FJ,23.30%,135,"18,274",149,"4,000",149,21.28,73,679,Suva,"2,046",143,132.3,75,FJD,2.77,68,55.90%,31,$0.82,120,"$5,535,548,972",152,106.4,57,21.6,71,Suva,67.3,138,34,107,$1.28,66,Fiji Hindi,21.40%,125,0.84,115,"889,953",157,57.60%,125,24.20%,25,32.10%,125,4.10%,118,"505,048",155,-17.713371,178.065032,,"1,324",126,"1,129",134,FALSE,Protestant 45% (Methodist 34.6%,29.9,89,6.44,111,30.20%,19,99.10%,29,"$10,400.00",107,29.90%,52,"$1,171,000,000.00",149,"['United States 29%', 'Australia 14%', 'New Zealand 7%']",88%,42,.fj
Indonesia,151,ID,31.50%,115,"1,904,569",9,"676,000",9,18.07,93,62,Jakarta,"563,325",10,151.18,52,IDR,2.31,88,49.90%,44,$0.63,149,"$1,119,190,780,753",16,106.4,58,21.1,73,Kalimantan,71.5,115,177,49,$0.48,106,Indonesian,48.30%,37,0.43,132,"270,203,917",4,67.50%,55,10.20%,139,30.10%,140,4.69%,96,"151,509,724",5,-0.789275,113.921327,Papua New Guinea 824 km,"4,884",23,"54,716",26,FALSE,Muslim 87.2%,31.1,81,6.77,99,6.90%,150,96%,60,"$11,900.00",98,9.40%,137,"$246,870,000,000.00",27,"['China 15%', 'United States 10%', 'Japan 9%']",62%,116,.id
Egypt,103,EG,3.80%,180,"1,001,450",7,"836,000",7,26.38,54,20,Cairo,"238,560",25,288.57,7,EGP,3.33,54,0.10%,183,$0.40,166,"$303,175,127,598",41,106.3,59,18.1,79,Cairo,71.8,108,37,103,,,Modern Standard Arabic,62.00%,17,0.45,131,"100,388,073",14,46.40%,160,12.50%,120,44.40%,63,10.76%,36,"42,895,824",18,26.820553,30.802498,"Sudan 1,276 km","2,629",78,"2,450",95,TRUE,Muslim (predominantly Sunni) 90%,24.1,127,4.32,161,32%,15,73.10%,118,"$11,600.00",101,32.50%,49,"$58,339,000,000.00",50,"['United States 8%', 'Turkey 7%', 'Greece 7%']",72%,101,.eg
Portugal,111,PT,39.50%,94,"92,212",67,"52,000",67,8.5,179,351,Lisbon,"48,742",55,110.62,150,EUR,1.38,174,34.60%,80,$1.54,12,"$237,686,075,635",48,106.2,60,3.1,163,Lisbon,81.3,26,8,149,$3.78,24,Portuguese,27.70%,104,5.12,9,"10,269,417",88,58.80%,121,22.80%,35,39.80%,80,6.33%,71,"6,753,579",79,39.399872,-8.224454,"Spain 1,224 km","2,351",94,"1,793",120,FALSE,Roman Catholic 79.7%,44.6,9,10.90,22,20.80%,88,95.90%,61,"$33,700.00",40,17.20%,105,"$105,648,000,000.00",37,"['Spain 26%', 'France 12%', 'Germany 12%']",82%,66,.pt
Trinidad and Tobago,273,TT,10.50%,165,"5,128",151,"4,000",151,12.94,127,1,Port of Spain,"43,868",59,141.75,65,TTD,1.73,135,46.00%,51,$0.54,157,"$24,100,202,834",109,106.2,61,16.4,87,Chaguanas,73.4,93,67,83,$2.25,40,English,37.30%,69,4.17,17,"1,394,973",150,60.00%,108,19.50%,56,40.50%,79,2.69%,143,"741,944",151,10.691803,-61.222503,,940,138,362,58,FALSE,Protestant 32.1% (Pentecostal/Evangelical/Full Gospel 12%,37.8,49,8.48,58,18.60%,109,99%,34,"$23,000.00",55,20%,94,"$11,467,000,000.00",87,"['United States 37%', 'Guyana 6%', 'China 5%']",79%,77,.tt
Solomon Islands,25,SB,3.90%,179,"28,896",171,,,32.44,32,677,Honiara,169,180,133.06,74,SBD,4.4,28,77.90%,8,,,"$1,425,074,226",177,106.2,62,17.1,81,Honiara,72.8,98,104,67,$0.40,113,English,3.30%,183,0.19,154,"669,823",161,83.80%,4,29.50%,5,32.00%,126,0.58%,173,"162,164",169,-9.64571,160.156194,,"2,335",95,"5,313",31,FALSE,Protestant 73.4% (Church of Melanesia 31.9%,23.5,134,3.95,167,22.50%,69,,,"$2,400.00",155,12.70%,127,"$413,657,000.00",160,"['China 65%', 'Italy 9%', 'India 6%']",36%,144,.sb
Mexico,66,MX,54.60%,51,"1,964,375",19,"336,000",19,17.6,98,52,Mexico City,"486,406",12,141.54,66,MXN,2.13,101,33.90%,83,$0.73,135,"$1,258,286,717,125",15,105.8,63,11,113,Mexico City,75,77,33,108,$0.49,105,,41.40%,55,2.38,66,"126,014,024",11,60.70%,103,13.10%,112,55.10%,29,3.42%,130,"102,626,859",9,23.634501,-102.552784,Belize 276 km,"5,636",17,"9,330",5,TRUE,Roman Catholic 78%,29.3,95,7.07,91,28.90%,24,95.20%,68,"$19,100.00",66,41.90%,30,"$522,235,000,000.00",14,['United States 75%'],76%,89,.mx
Dominican Republic,225,DO,48.70%,58,"48,670",63,"71,000",63,19.51,83,1,Santo Domingo,"25,258",79,135.5,69,DOP,2.35,86,41.70%,61,$1.07,75,"$88,941,298,258",66,105.7,64,24.1,64,Santo Domingo,73.9,90,95,70,$0.40,114,Spanish,43.70%,51,1.56,93,"10,738,958",84,64.30%,76,13.00%,114,48.80%,43,5.84%,79,"8,787,475",64,18.735693,-70.162651,Haiti 376 km,"3,098",51,"1,288",130,FALSE,Roman Catholic 44.3%,27.9,106,6.31,116,27.60%,32,95.20%,69,"$18,600.00",68,21%,87,"$20,509,000,000.00",76,"['United States 51%', 'Haiti 7%', 'Switzerland 7%']",85%,56,.do
Malaysia,99,MY,26.30%,128,"329,847",45,"136,000",45,16.75,106,60,Kuala Lumpur,"248,289",22,121.46,98,MYR,2,111,67.60%,18,$0.45,161,"$364,701,517,788",36,105.3,65,6.7,130,Johor Bahru,76,67,29,113,$0.93,82,Malaysian language,36.70%,74,1.51,94,"32,447,385",44,64.30%,75,12.00%,121,38.70%,83,3.32%,135,"24,475,766",35,4.210484,101.975766,Thailand 595 km,"4,095",35,"4,675",52,FALSE,Muslim (official) 61.3%,29.2,96,5.72,131,15.60%,118,95%,73,"$26,300.00",51,5.60%,145,"$256,659,000,000.00",26,"['Singapore 15%', 'China 14%', 'US 13%']",97%,12,.my
Switzerland,219,CH,38.40%,99,"41,277",106,"21,000",106,10,161,41,Bern,"34,477",68,99.55,175,CHF,1.52,161,31.80%,94,$1.45,19,"$703,082,435,360",20,105.2,66,3.7,153,Z���,83.6,3,5,161,,,German,28.30%,100,4.3,15,"8,574,832",99,68.30%,49,10.10%,141,28.80%,144,4.58%,101,"6,332,428",80,46.818188,8.227512,Germany 348 km,"4,634",27,0,146,TRUE,Roman Catholic 34.4%,42.7,23,8.37,60,19.50%,105,,,"$71,000.00",6,16%,113,"$571,376,000,000.00",12,"['Germany 16%', 'United States 14%', 'United Kingdom 8%']",96%,13,.ch
Antigua and Barbuda,223,AG,20.50%,144,443,170,0,166 (tied),15.33,111,1,"St. John's, Saint John",557,164,113.81,133,XCD,1.99,113,22.30%,115,$0.99,86,"$1,727,759,259",173,105.0,67,5,145,"St. John's, Saint John",76.9,55,42,100,$3.04,31,English,24.30%,114,2.76,54,"97,118",182,,,16.50%,84,43.00%,67,,,"23,800",185,17.060816,-61.796428,,402,153,153,110,FALSE,Protestant 68.3% (Anglican 17.6%,32.7,72,5.69,133,18.90%,108,99%,33,"$19,100.00",65,,,"$749,476,000.00",155,"['Suriname 20%', 'Barbados 17%', 'Poland 12%']",96%,18,.ag
Malta,"1,380",MT,32.40%,111,316,160,"2,000",160,9.2,173,356,Valletta,"1,342",152,113.45,135,EUR,1.23,185,1.10%,173,$1.36,34,"$14,786,156,563",125,105.0,68,6.1,137,Birkirkara,82.3,15,6,157,$5.07,20,Maltese,37.10%,71,2.86,51,"502,653",166,56.50%,130,26.20%,15,44.00%,64,3.47%,128,"475,902",156,35.937496,14.375416,,253,161,196.8,102,FALSE,Roman Catholic (official) more than 90% (2006 est.),42.3,25,8.61,55,28.90%,23,94.90%,74,"$44,700.00",26,17.10%,107,"$22,110,000,000.00",75,"['Germany 12%', 'France 9%', 'Italy 9%']",87%,46,.mt
Israel,400,IL,24.60%,132,"20,770",38,"178,000",38,20.8,74,972,Jerusalem,"65,166",47,108.15,161,ILS,3.09,57,7.70%,152,$1.57,10,"$395,098,666,122",32,104.9,69,3,167,Jerusalem,82.8,8,3,172,$7.58,12,Hebrew,24.40%,113,4.62,11,"9,053,300",96,64.00%,78,23.10%,30,25.30%,154,3.86%,124,"8,374,393",70,31.046051,34.851612,Lebanon 81 km,,,273,78,FALSE,Jewish 74%,30.4,85,5.05,148,26.10%,40,97.80%,49,"$42,100.00",30,22%,80,"$143,884,000,000.00",32,"['United States 27%', 'China 8%', 'India 4%']",90%,33,.il
Ghana,137,GH,69.00%,24,"238,533",116,"16,000",116,29.41,44,233,Accra,"16,670",90,268.36,9,GHS,3.87,42,41.20%,62,$0.92,104,"$66,983,634,224",73,104.8,70,34.9,44,Accra,63.8,158,308,34,$0.27,131,English,36.10%,81,0.14,161,"30,792,608",46,67.80%,54,12.60%,119,55.40%,27,4.33%,108,"17,249,054",42,7.946527,-1.023194,Togo 1098 km,885,141,539,27,FALSE,Christian 71.3% (Pentecostal/Charismatic 31.6%,21.4,141,5.99,122,10.90%,127,79%,108,"$5,400.00",131,23.40%,73,"$23,901,000,000.00",73,"['Switzerland 23%', 'United Arab Emirates 12%', 'China 12%']",68%,108,.gh
Liechtenstein,238,LI,32.20%,113,160,188,,,9.9,164,423,Vaduz,51,186,,,CHF,1.44,169,43.10%,56,$1.74,5,"$6,552,858,739",150,104.7,71,,,Schaan,83,6,,,,,German,,,,,"38,019",188,,,,,21.60%,165,,,"5,464",189,47.1410392,9.520935,Austria 34 km,"2,599",80,0 (doubly landlocked),137,TRUE,Roman Catholic (official) 73.4%,43.7,17,8.05,67,,,,,"$139,100.00",1,,,"$3,217,000,000.00",130,,96%,17,.li
Kazakhstan,7,KZ,80.40%,3,"2,724,900",61,"71,000",61,21.77,69,7,Astana,"247,207",23,182.75,24,KZT,2.84,65,1.20%,171,$0.42,164,"$180,161,741,180",54,104.4,72,8.8,121,Almaty,73.2,95,10,143,$0.41,112,Russian,38.80%,64,3.25,38,"18,513,930",63,68.80%,47,11.70%,127,28.40%,146,4.59%,100,"10,652,915",57,48.019573,66.923684,"Uzbekistan 2,330 km",,,0,178,TRUE,Muslim 70.2%,31.6,79,8.05,68,21%,87,99.80%,10,"$26,100.00",52,4.30%,150,"$66,132,000,000.00",48,"['China 13%', 'Italy 12%', 'Russia 10%']",91%,29,.kz
Paraguay,18,PY,55.10%,48,"406,752",90,"27,000",90,20.57,77,595,Asunci��,"7,407",114,143.82,62,PYG,2.43,78,37.70%,71,$1.04,79,"$38,145,288,940",96,104.4,73,17.2,80,Ciudad del Este,74.1,89,129,60,$1.55,56,Spanish,36.50%,76,1.35,96,"7,044,636",103,72.10%,31,10.00%,143,35.00%,108,4.81%,95,"4,359,150",98,-23.442503,-58.443832,"Argentina 2,531 km",842,143,0,172,TRUE,Roman Catholic 89.6%,29.7,92,4.90,154,20.30%,93,94.50%,75,"$13,700.00",89,23.50%,71,"$14,154,000,000.00",82,"['Brazil 32%', 'Argentina 22%', 'Chile 8%']",77%,88,.py
Netherlands,508,NL,53.30%,54,"41,543",77,"41,000",77,9.7,165,31,Amsterdam,"170,780",32,115.91,123,EUR,1.59,153,11.20%,139,$1.68,7,"$909,070,395,161",17,104.2,74,3.3,160,Amsterdam,81.8,20,5,164,$10.29,8,Dutch,12.30%,161,3.61,30,"17,332,850",66,63.60%,82,23.00%,32,41.20%,75,3.20%,138,"15,924,729",47,52.132633,5.291266,Belgium 478 km,862,142,451,38,FALSE,Roman Catholic 20.1%,42.8,21,9.27,44,20.40%,92,,,"$56,600.00",12,13.60%,123,"$839,600,000,000.00",7,"['Germany 20%', 'Belgium 12%', 'United Kingdom 9%']",92%,25,.nl
Uzbekistan,79,UZ,62.90%,33,"447,400",64,"68,000",64,23.3,65,998,Tashkent,"91,811",42,,,UZS,2.42,82,7.50%,154,$1.03,82,"$57,921,286,440",80,104.2,75,19.1,78,Tashkent,71.6,111,29,114,$0.24,136,Uzbek,42.70%,53,2.37,68,"33,580,650",42,65.10%,70,14.80%,97,31.60%,129,5.92%,78,"16,935,729",43,41.377491,64.585262,"Kyrgyzstan 1,314 km","4,643",26,0,145,TRUE,Muslim 88% (mostly Sunni),30.1,87,5.43,142,16.60%,116,100%,3,"$7,700.00",122,14.10%,122,"$16,399,000,000.00",80,"['Switzerland 19%', 'United Kingdom 17%', 'Russia 15%']",77%,87,.uz
Germany,240,DE,47.70%,62,"357,022",37,"180,000",37,9.5,170,49,Berlin,"727,973",6,112.85,138,EUR,1.56,157,32.70%,92,$1.39,29,"$3,845,630,030,824",4,104.0,76,3.1,164,Berlin,80.9,29,7,154,$9.99,10,German,12.50%,159,4.25,16,"83,132,799",18,60.80%,102,11.50%,130,48.80%,44,3.04%,139,"64,324,835",11,51.165691,10.451526,France 418 km,"2,963",60,"2,389",98,FALSE,Roman Catholic 26%,47.8,3,11.97,15,22.30%,71,,,"$53,200.00",17,14.80%,118,"$2,004,000,000,000.00",3,"['United States 9%', 'China 8%', 'France 8%']",91%,26,.de
Mongolia,2,MN,71.50%,19,"1,564,116",110,"18,000",110,24.13,61,976,Ulaanbaatar,"25,368",77,195.76,19,MNT,2.9,61,8.00%,150,$0.72,138,"$13,852,850,259",129,104.0,77,14,93,Ulaanbaatar,69.7,126,45,96,$0.65,95,Mongolian,39.30%,63,2.86,50,"3,225,167",133,59.70%,112,16.80%,83,25.70%,153,6.01%,76,"2,210,626",125,46.862496,103.846656,"China 4,630 km","4,374",32,0,150,TRUE,Buddhist 51.7%,29.8,90,6.33,114,20.60%,90,99.20%,26,"$11,700.00",100,28.40%,54,"$8,950,000,000.00",99,"['China 81%', 'Switzerland 9%']",84%,60,.mn
Afghanistan,60,AF,58.10%,44,"652,230",20,"323,000",20,32.49,31,93,Kabul,"8,672",107,149.9,55,AFN,4.47,25,2.10%,167,$0.70,145,"$19,101,353,833",114,104.0,78,47.9,26,Kabul,64.5,152,638,10,$0.43,109,Pashto,78.40%,4,0.28,144,"38,041,754",37,48.90%,155,9.30%,148,71.40%,9,11.12%,34,"9,797,273",60,33.93911,67.709953,China 91 km,"7,492",7,0,141,TRUE,Muslim 99.7% (Sunni 84.7 - 89.7%,19.5,156,12.08,13,5.50%,161,37.30%,142,"$1,500.00",171,54.50%,14,"$1,476,000,000.00",146,"['United Arab Emirates 45%', 'Pakistan 24%', 'India 22%']",18%,170,.af
Cape Verde,138,CV,19.60%,146,"4,033",164,"1,000",164,19.49,84,238,Praia,543,165,110.5,152,CVE,2.27,91,22.50%,113,$1.02,84,"$1,981,845,741",170,104.0,79,16.7,84,Praia,72.8,99,58,89,$0.68,93,Portuguese,23.20%,118,0.77,119,"483,628",167,60.50%,106,20.10%,52,37.50%,90,12.25%,25,"364,029",160,16.5388,-23.0418,,,,,190,,,,,,,,,,,,,,,,,,,,
Belgium,383,BE,44.60%,75,"30,528",84,"32,000",84,10.3,153,32,City of Brussels,"96,889",41,117.11,116,EUR,1.62,148,22.60%,112,$1.43,21,"$529,606,710,418",24,103.9,80,2.9,168,Brussels,81.6,22,5,165,$10.31,7,French,17.60%,140,3.07,43,"11,484,055",80,53.60%,143,24.00%,27,55.40%,26,5.59%,81,"11,259,082",52,50.503887,4.469936,Luxembourg 130 km,694,148,66.5,17,FALSE,Roman Catholic 57.1%,41.6,32,9.57,37,22.10%,74,,,"$51,700.00",18,14.80%,119,"$515,625,000,000.00",15,"['Germany 17%', 'France 14%', 'Netherlands 13%']",91%,28,.be
Lithuania,43,LT,47.20%,65,"65,300",82,"34,000",82,10,160,370,Vilnius,"12,963",93,118.38,108,EUR,1.63,145,34.80%,78,$1.16,56,"$54,219,315,600",82,103.9,81,3.3,161,Vilnius,75.7,71,8,151,$2.41,39,Lithuanian,32.10%,91,6.35,4,"2,786,844",138,61.60%,98,16.90%,82,42.60%,70,6.35%,70,"1,891,013",131,55.169438,23.881275,Latvia 544 km,294,159,90,4,TRUE,Roman Catholic 74.2%,44.5,10,15.17,1,26.30%,38,99.80%,8,"$39,300.00",35,20.60%,89,"$53,397,000,000.00",52,"['Russia 10%', 'Latvia 9%', 'Germany 8%']",87%,44,.lt
Qatar,248,QA,5.80%,176,"11,586",102,"22,000",102,9.54,169,974,Doha,"103,259",37,115.38,124,QAR,1.87,122,0.00%,186,$0.40,167,"$183,466,208,791",53,103.8,82,5.8,143,Doha,80.1,32,9,145,,,Arabic,6.20%,178,2.49,63,"2,832,067",137,86.80%,1,14.70%,98,11.30%,179,0.09%,175,"2,809,071",118,25.354826,51.183884,Saudi Arabia 87 km,103,167,563,24,FALSE,Muslim 65.2%,33.7,66,1.42,178,35.10%,12,93.50%,80,"$92,900.00",5,,,"$105,549,000,000.00",38,"['Japan 17%', 'South Korea 16%', 'India 14%']",100%,3,.qa
Oman,16,OM,4.60%,178,"309,500",71,"47,000",71,19.19,85,968,Muscat,"63,457",48,113.53,134,OMR,2.89,62,0.00%,185,$0.45,162,"$76,983,094,928",69,103.4,83,9.8,117,Seeb,77.6,46,19,122,$4.33,22,Arabic,6.40%,177,2,79,"5,266,535",119,72.40%,30,2.50%,162,27.40%,150,2.67%,144,"4,250,777",100,21.4735329,55.975413,Saudi Arabia 658 km,"3,004",56,"2,092",101,FALSE,Muslim 85.9%,26.2,114,3.21,174,27%,34,95.70%,64,"$34,300.00",39,,,"$46,324,000,000.00",60,"['China 46%', 'India 8%', 'Japan 6%']",96%,16,.om
Cameroon,56,CM,20.60%,143,"475,440",96,"24,000",96,35.39,18,237,Yaound�,"8,291",108,118.65,106,XAF,4.57,21,39.30%,67,$1.03,80,"$38,760,467,033",94,103.4,84,50.6,21,Douala,58.9,176,529,17,$0.35,121,French,69.70%,12,0.09,168,"25,876,380",52,76.10%,22,12.80%,117,57.70%,25,3.38%,132,"14,741,256",49,7.369722,12.354722,Equatorial Guinea 183 km,"4,045",37,402,43,FALSE,Roman Catholic 38.3%,18.5,162,7.54,80,11.40%,126,77.10%,111,"$3,700.00",142,37.50%,39,"$7,449,000,000.00",108,"['China 17%', 'Netherlands 14%', 'Italy 9%']",46%,139,.cm
Ecuador,71,EC,22.20%,139,"283,561",76,"41,000",76,19.72,82,593,Quito,"41,155",62,124.14,92,USD,2.43,79,50.20%,42,$0.61,150,"$107,435,665,000",60,103.3,85,12.2,108,Quito,76.8,56,59,88,$2.46,38,Spanish,43.70%,50,2.04,78,"17,373,662",65,68.00%,52,,,34.40%,113,3.97%,121,"11,116,711",53,-1.831239,-78.183406,Peru 1529 km,"6,267",12,"2,237",99,FALSE,Roman Catholic 68.8%,28.8,102,5.18,146,19.90%,101,94.50%,76,"$10,700.00",105,25%,63,"$29,325,000,000.00",67,"['United States 30%', 'China 13%', 'Panama 8%']",76%,90,.ec
Brunei,83,BN,2.70%,182,"5,765",139,"8,000",139,14.9,112,673,Bandar Seri Begawan,"7,664",112,99.03,177,BND,1.85,124,72.10%,12,$0.37,168,"$13,469,422,941",132,103.2,86,9.8,118,,75.7,70,31,109,,,Malay,6.00%,180,1.61,88,"433,285",168,64.70%,72,,,8.00%,182,9.12%,45,"337,711",162,4.535277,114.727669,Malaysia 266 km,"1,850",115,161,107,FALSE,Muslim (official) 82.1%,31.1,82,3.85,170,14.10%,122,97.60%,51,"$60,100.00",10,,,"$11,202,000,000.00",89,"['Japan 34%', 'Australia 12%', 'Singapore 10%']",98%,10,.bn
Botswana,4,BW,45.60%,71,"581,730",133,"9,000",133,24.82,55,267,Gaborone,"6,340",120,149.75,56,BWP,2.87,63,18.90%,121,$0.71,142,"$18,340,510,789",116,103.2,87,30,53,Gaborone,69.3,130,144,57,$0.29,130,English,5.30%,182,0.37,139,"2,346,179",142,70.80%,38,19.50%,54,25.10%,155,18.19%,9,"1,616,550",135,-22.328474,24.684866,Zambia 0.15 km,"1,495",120,0,168,TRUE,Christian 79.1%,25.7,117,8.98,51,18.90%,107,88.50%,93,"$14,800.00",77,19.30%,97,"$7,931,000,000.00",105,"['India 21%', 'Belgium 19%', 'United Arab Emirates 19%']",74%,97,.bw
Kenya,94,KE,48.50%,59,"580,367",88,"29,000",88,28.75,47,254,Nairobi,"17,910",86,180.51,29,KES,3.49,52,7.80%,151,$0.95,97,"$95,503,088,538",64,103.2,88,30.6,51,Nairobi,66.3,143,342,30,$0.25,134,Swahili,33.40%,88,0.16,160,"52,573,973",27,74.70%,24,15.10%,91,37.20%,91,2.64%,145,"14,461,523",50,-0.023559,37.906193,Uganda 814 km,"5,199",19,536,28,FALSE,Christian 85.5% (Protestant 33.4%,20,151,4.95,153,7.10%,149,82.60%,104,"$4,700.00",138,36.10%,42,"$11,825,000,000.00",85,"['Uganda 14%', 'Pakistan 8%', 'Netherlands 8%']",29%,157,.ke
Austria,109,AT,32.40%,112,"83,871",105,"21,000",105,9.7,166,43,Vienna,"61,448",50,118.06,110,EUR,1.47,164,46.90%,49,$1.20,48,"$446,314,739,528",28,103.1,89,2.9,169,Vienna,81.6,23,5,166,,,German,17.90%,138,5.17,8,"8,877,067",97,60.70%,104,25.40%,20,51.40%,34,4.67%,97,"5,194,416",91,47.516231,14.550072,Switzerland 158 km,"3,798",39,0,152,TRUE,Roman Catholic 55.2%,44.5,11,9.86,33,20.10%,98,,,"$54,100.00",14,13.30%,125,"$268,277,000,000.00",25,"['Germany 28%', 'United States 7%', 'Italy 6%']",93%,22,.at
Spain,94,ES,52.60%,55,"505,370",33,"196,000",33,7.9,182,34,Madrid,"244,002",24,110.96,146,EUR,1.26,183,36.90%,72,$1.26,42,"$1,394,116,310,769",13,102.7,90,2.5,176,Madrid,83.3,4,4,168,$5.60,17,Spanish,24.20%,115,3.87,26,"47,076,781",30,57.50%,126,14.20%,105,47.00%,52,13.96%,18,"37,927,409",25,40.463667,-3.74922,Morocco (Ceuta) 8 km and Morocco (Melilla) 10.5 km,"3,718",41,"4,964",49,FALSE,Roman Catholic 58.2%,43.9,14,10.11,31,23.80%,55,98.60%,37,"$37,900.00",37,20.70%,88,"$497,868,000,000.00",16,"['France 15%', 'Germany 11%', 'Italy 8%']",94%,19,.es
Uganda,229,UG,71.90%,15,"241,038",72,"46,000",72,38.14,9,256,Kampala,"5,680",121,173.87,33,UGX,4.96,11,9.70%,146,$0.94,98,"$34,387,229,486",97,102.7,91,33.8,46,Buganda,63,163,375,28,$0.01,149,Swahili,40.50%,59,0.17,158,"44,269,594",33,70.30%,41,11.70%,126,33.70%,117,1.84%,161,"10,784,516",56,1.373333,32.290275,Tanzania 391 km,"5,110",21,0,144,TRUE,Protestant 45.1% (Anglican 32.0%,15.7,177,4.87,156,5.30%,166,79%,109,"$2,200.00",158,21.40%,84,"$6,177,000,000.00",111,"['United Arab Emirates 58%', 'Kenya 9%']",10%,176,.ug
Russia,9,RU,13.30%,157,"17,098,240",4,"1,454,000",4,11.5,139,7,Moscow,"1,732,027",4,180.75,28,RUB,1.57,154,49.80%,45,$0.59,153,"$1,699,876,578,871",12,102.6,92,6.1,138,Moscow,72.7,102,17,130,$0.53,102,Russian,36.40%,78,4.01,21,"144,373,535",9,61.80%,95,11.40%,131,46.20%,55,4.59%,99,"107,683,889",7,61.52401,105.318756,North Korea 18 km,"5,642",16,"37,653",56,FALSE,Russian Orthodox 15-20%,40.3,37,13.27,7,23.10%,60,99.70%,15,"$28,000.00",49,12.60%,128,"$550,035,000,000.00",13,"['China 14%', 'Netherlands 10%', 'Belarus 5%']",88%,39,.ru
Saint Lucia,301,LC,17.40%,151,616,181,,,12,134,1,Castries,414,170,110.13,154,XCD,1.44,168,33.20%,88,$1.30,40,"$2,122,450,630",168,102.6,93,14.9,90,Castries,76.1,66,117,65,,,English,48.40%,36,0.64,127,"182,790",175,67.10%,59,18.20%,67,34.70%,110,20.71%,3,"34,280",181,13.909444,-60.978893,,948,137,158,109,FALSE,Roman Catholic 61.5%,36.9,54,8.17,65,19.70%,104,,,"$13,000.00",94,25%,62,"$890,724,000.00",153,['Brazil 98%'],78%,84,.lc
France,119,FR,52.40%,56,"643,801",23,"307,000",23,11.3,141,33,Paris,"303,276",19,110.05,155,EUR,1.88,121,31.20%,98,$1.39,30,"$2,715,518,274,227",6,102.5,94,3.4,159,Paris,82.5,13,8,148,$11.16,5,French,6.80%,175,3.27,37,"67,059,887",21,55.10%,137,24.20%,26,60.70%,18,8.43%,51,"54,123,364",16,46.227638,2.213749,Andorra 55 km,"4,810",24,"4,853",50,FALSE,Roman Catholic 47%,41.7,31,9.51,41,21.60%,80,,,"$45,000.00",25,13.60%,124,"$920,864,000,000.00",4,"['Germany 14%', 'United States 8%', 'Italy 7%']",86%,48,.fr
Laos,32,LA,10.30%,166,"236,800",47,"129,000",47,23.55,64,856,Vientiane,"17,763",87,135.87,68,LAK,2.67,72,82.10%,7,$0.93,99,"$18,173,839,128",117,102.4,95,37.6,39,Vientiane,67.6,137,185,47,$0.83,87,Lao,45.40%,45,0.37,138,"7,169,455",102,78.50%,13,12.90%,115,24.10%,157,0.63%,172,"2,555,552",119,19.85627,102.495496,Cambodia 555 km,"2,817",69,0,159,TRUE,Buddhist 64.7%,24,130,6.26,117,5.30%,164,87.10%,95,"$7,800.00",120,18.30%,101,"$7,820,000,000.00",106,"['Thailand 36%', 'China 28%', 'Vietnam 16%']",62%,117,.la
Luxembourg,242,LU,53.70%,53,"2,586",159,"2,000",159,10.3,154,352,Luxembourg City,"8,988",106,115.09,127,EUR,1.37,175,35.70%,74,$1.19,49,"$71,104,919,108",72,102.3,96,1.9,182,Luxembourg City,82.1,17,5,163,$13.05,2,Luxembourgish,10.60%,167,3.01,44,"645,397",162,59.30%,117,26.50%,13,20.40%,169,5.36%,88,"565,488",153,49.815273,6.129583,France 69 km,559,150,0,175,TRUE,Christian (predominantly Roman Catholic) 70.6%,39.5,41,7.17,88,22.60%,67,,,"$115,700.00",2,17.50%,103,"$177,831,000,000.00",30,"['Germany 23%', 'France 13%', 'Belgium 12%']",99%,9,.lu
Central African Republic,8,CF,8.20%,171,"622,984",138,"8,000",138,35.35,19,236,Bangui,297,171,186.86,22,,4.72,15,35.60%,75,$1.41,24,"$2,220,307,369",167,102.0,97,84.5,1,Bangui,52.8,186,829,6,$0.37,118,French,39.60%,62,0.06,180,"4,745,185",124,72.00%,33,8.60%,154,73.30%,7,3.68%,126,"1,982,064",129,6.611111,20.939444,Cameroon 901 km,"1,410",123,0,169,TRUE,Christian 89%,20,152,11.51,17,7.50%,147,37.40%,141,$800.00,177,62%,7,"$113,700,000.00",169,"['China 41%', 'United Arab Emirates 19%', 'France 7%']",11%,175,.cf
Italy,206,IT,43.20%,80,"301,340",17,"347,000",17,7.3,184,39,Rome,"320,411",18,110.62,149,EUR,1.29,179,31.80%,95,$1.61,9,"$2,001,244,392,042",9,101.9,98,2.6,173,Rome,82.9,7,2,177,,,Italian,22.80%,120,3.98,23,"60,297,396",23,49.60%,153,24.30%,24,59.10%,23,9.89%,40,"42,651,966",19,41.87194,12.56738,Slovenia 218 km,"4,748",25,"7,600",12,TRUE,Christian 80.8% (overwhelmingly Roman Catholic with very small groups of Jehovah's Witnesses and Protestants),46.5,4,11.27,19,19.90%,99,99.20%,27,"$41,900.00",31,20.10%,92,"$687,948,000,000.00",9,"['Germany 12%', 'France 11%', 'United States 10%']",75%,93,.it
Cuba,106,CU,59.90%,38,"110,860",59,"76,000",59,10.17,157,53,Havana,"28,284",76,,,CUP,1.62,149,31.30%,97,$1.40,28,"$100,023,000,000",62,101.9,99,3.7,154,Havana,78.7,37,36,104,$0.05,147,Spanish,,,8.42,1,"11,333,483",81,53.60%,144,,,,,1.64%,163,"8,739,135",65,21.521757,-77.781167,US Naval Base at Guantanamo Bay 28.5 km,"1,974",107,"3,735",69,FALSE,Christian 58.9%,42.1,26,9.37,43,24.60%,49,99.70%,14,"$12,300.00",97,,,"$2,630,000,000.00",133,"['China 38%', 'Spain 11%', 'Netherlands 5%']",71%,105,.cu
Guatemala,167,GT,36.00%,102,"108,889",73,"43,000",73,24.56,56,502,Guatemala City,"16,777",89,142.92,64,GTQ,2.87,64,32.70%,91,$0.79,126,"$76,710,385,880",70,101.9,100,22.1,69,Guatemala City,74.1,88,95,69,$1.60,50,Spanish,55.80%,26,0.35,140,"16,604,026",68,62.30%,89,10.60%,136,35.20%,106,2.46%,148,"8,540,945",66,15.783471,-90.230759,Honduras 244 km,"4,220",33,400,45,TRUE,Roman Catholic 41.7%,23.2,137,4.89,155,21.20%,86,83.30%,101,"$8,900.00",115,59.30%,8,"$15,318,000,000.00",81,"['United States 32%', 'El Salvador 12%', 'Honduras 10%']",51%,131,.gt
United States,36,US,44.40%,76,"9,833,517",5,"1,359,000",5,11.6,138,1,"Washington, D.C.","5,006,302",2,117.24,114,USD,1.73,136,33.90%,84,$0.71,140,"$21,427,700,000,000",1,101.8,101,5.6,144,New York City,78.5,40,19,121,$7.25,13,,11.10%,165,2.61,57,"328,239,523",3,62.00%,93,9.60%,145,36.60%,99,14.70%,16,"270,663,028",3,37.09024,-95.712891,,,,"19,924",105,FALSE,Protestant 46.5%,38.5,45,8.42,59,36.20%,9,,,"$63,700.00",9,15.10%,117,"$2,557,000,000,000.00",2,"['Canada 16%', 'Mexico 15%', 'China 9%']",92%,24,.us
Chile,26,CL,21.20%,142,"756,096",50,"122,000",50,12.43,131,56,Santiago,"85,822",43,131.91,76,CLP,1.65,144,24.30%,108,$1.03,81,"$282,318,159,745",43,101.4,102,6.2,136,Santiago,80,33,13,135,$2.00,44,Spanish,32.20%,90,2.59,58,"18,952,038",61,62.60%,88,18.20%,68,34.00%,114,7.09%,59,"16,610,135",45,-35.675147,-71.542969,"Argentina 6,691 km",,,"6,435",20,FALSE,Roman Catholic 60%,35.5,61,6.58,105,28%,27,97%,55,"$25,400.00",53,8.60%,140,"$100,634,000,000.00",40,"['China 32%', 'United States 14%', 'Japan 9%']",90%,34,.cl
Denmark,137,DK,62.00%,34,"43,094",120,"15,000",120,10.6,148,45,Copenhagen,"31,786",71,110.35,153,DKK,1.73,137,14.70%,128,$1.55,11,"$348,078,018,464",38,101.3,103,3.6,155,Copenhagen,81,27,4,171,,,Danish,13.70%,156,4.01,22,"5,818,553",113,62.20%,90,32.40%,3,23.80%,158,4.91%,94,"5,119,978",92,56.26392,9.501785,,171,163,"7,314",14,FALSE,Evangelical Lutheran (official) 74.7%,42,27,9.55,38,19.70%,103,,,"$58,000.00",11,12.50%,129,"$234,262,000,000.00",28,"['Germany 14%', 'United States 10%', 'Sweden 10%']",99%,7,.dk
Kiribati,147,KI,42.00%,85,811,177,,,27.89,50,686,South Tarawa,66,185,99.55,176,AUD,3.57,48,15.00%,126,,,"$194,647,202",190,101.3,104,41.2,30,South Tarawa,68.1,133,92,71,,,English,0.20%,187,0.2,152,"117,606",176,,,22.00%,39,32.70%,121,,,"64,489",173,1.8368976,-157.3768317,,81,168,"1,143",133,FALSE,Roman Catholic 58.9%,25.7,116,6.91,95,46%,7,,,"$1,900.00",164,,,"$10,754,000.00",177,"['Thailand 53%', 'Philippines 17%', 'South Korea 10%']",54%,127,.ki
United Kingdom,281,GB,71.70%,16,"243,610",42,"148,000",42,11,142,44,London,"379,025",15,119.62,104,GBP,1.68,143,13.10%,132,$1.46,17,"$2,827,113,184,696",5,101.2,105,3.6,156,London,81.3,24,7,152,$10.13,9,English,14.80%,151,2.81,52,"66,834,405",22,62.80%,87,25.50%,17,30.60%,136,3.85%,125,"55,908,316",15,55.378051,-3.435973,Ireland 499 km,"1,345",124,"12,429",118,FALSE,Christian (includes Anglican,40.6,36,9.12,49,27.80%,30,,,"$45,000.00",24,18.60%,99,"$874,500,000,000.00",6,"['United States 13%', 'Germany 9%', 'Netherlands 8%']",97%,11,.uk
Mauritius,626,MU,42.40%,83,"2,040",153,"3,000",153,10.2,156,230,Port Louis,"4,349",130,129.91,79,MUR,1.41,171,19.00%,120,$1.12,65,"$14,180,444,557",127,101.1,106,13.6,99,Port Louis,74.4,84,61,85,$0.38,117,French,50.70%,34,2.53,60,"1,265,711",153,58.30%,123,19.10%,60,22.20%,163,6.67%,63,"515,980",154,-20.348404,57.552152,,828,145,177,106,FALSE,Hindu 48.5%,36.3,58,8.95,52,10.80%,128,92.20%,84,"$21,000.00",61,10.30%,134,"$3,198,000,000.00",131,"['France 10%', 'South Africa 10%', 'United States 10%']",68%,109,.mu
Ethiopia,115,ET,36.30%,100,"1,104,300",44,"138,000",44,32.34,33,251,Addis Ababa,"14,870",92,143.86,61,ETB,4.25,32,12.50%,136,$0.75,132,"$96,107,662,398",63,101.0,107,39.1,35,Addis Ababa,66.2,144,401,24,,,Amharic,37.80%,67,0.08,172,"112,078,730",12,79.60%,11,7.50%,157,37.70%,88,2.08%,155,"23,788,710",36,9.145,40.489673,Sudan 744 km,"4,550",28,0,147,TRUE,Ethiopian Orthodox 43.8%,19.8,153,5.60,135,4.50%,169,51.80%,135,"$2,300.00",157,23.50%,72,"$9,496,000,000.00",97,"['China 17%', 'United States 16%', 'United Arab Emirates 8%']",17%,171,.et
Canada,4,CA,6.90%,175,"9,984,670",60,"72,000",60,10.1,158,1,Ottawa,"544,894",11,116.76,118,CAD,1.5,162,38.20%,69,$0.81,121,"$1,736,425,629,520",11,100.9,108,4.3,150,Toronto,81.9,19,10,140,$9.51,11,French,14.60%,153,2.61,56,"36,991,981",39,65.10%,69,12.80%,118,24.50%,156,5.56%,83,"30,628,482",30,56.130366,-106.346771,,"5,959",13,"202,080",85,TRUE,Christian 53.3%,41.8,29,8.17,64,29.40%,21,,,"$47,900.00",23,9.40%,136,"$611,146,000,000.00",11,['US 73%'],93%,21,.ca
South Africa,49,ZA,79.80%,4,"1,219,090",57,"80,000",57,20.51,79,27,Pretoria,"476,644",13,158.93,42,ZAR,2.41,83,7.60%,153,$0.92,105,"$351,431,649,241",37,100.9,109,28.5,56,Johannesburg,63.9,156,119,64,,,Afrikaans,7.70%,174,0.91,113,"58,558,270",24,56.00%,132,27.50%,10,29.20%,142,28.18%,1,"39,149,717",23,-30.559482,22.937506,"Botswana 1,969 km","3,450",46,"2,798",89,FALSE,"Christian 86%,Â  traditional African religions 5.4%",28,104,9.25,45,28.30%,25,95%,71,"$13,300.00",92,55.50%,12,"$130,885,000,000.00",33,"['China 15%', 'United Kingdom 8%', 'Germany 7%']",72%,100,.za
Tajikistan,68,TJ,34.10%,106,"144,100",113,"17,000",113,30.76,38,992,Dushanbe,"5,310",125,148.57,57,TJS,3.59,47,3.00%,165,$0.71,144,"$8,116,626,794",146,100.9,110,30.4,52,Dushanbe,70.9,120,17,131,$0.23,138,Persian,63.10%,16,1.7,87,"9,321,018",95,42.00%,172,9.80%,144,67.30%,12,11.02%,35,"2,545,477",121,38.861034,71.276093,"Afghanistan 1,357 km","7,495",6,0,140,TRUE,Muslim 98% (Sunni 95%,25.3,120,5.67,134,14.20%,121,99.80%,13,"$3,900.00",140,26.30%,59,"$2,161,000,000.00",138,"['Turkey 24%', 'Switzerland 22%', 'Uzbekistan 16%']",30.40%,155,.tj
Republic of Ireland,72,,64.50%,29,"70,273",136,"9,000",136,12.5,130,353,Dublin,"37,711",64,106.58,163,EUR,1.75,131,11.00%,141,$1.37,31,"$388,698,711,348",33,100.9,111,3.1,165,Connacht,82.3,16,5,162,$10.79,6,Irish,15.20%,147,3.31,36,"5,007,069",121,62.10%,92,18.30%,66,26.10%,152,4.93%,93,"3,133,123",114,53.41291,-8.24389,,,,,187,,,,,,,,,,,,,,,,,,,,
Hungary,107,HU,58.40%,43,"93,028",79,"40,000",79,9.6,168,36,Budapest,"45,537",57,121.64,97,HUF,1.54,158,22.90%,111,$1.18,51,"$160,967,157,504",56,100.8,112,3.6,157,Budapest,75.8,68,12,136,$2.62,37,Hungarian,29.00%,96,3.41,34,"9,769,949",92,56.50%,129,23.00%,33,37.90%,86,3.40%,131,"6,999,582",78,47.162494,19.503304,Croatia 348 km,"1,014",135,0,171,TRUE,Roman Catholic 37.2%,43.6,18,12.89,10,26.40%,36,99.10%,30,"$33,600.00",41,12.30%,130,"$148,229,000,000.00",31,"['Germany 27%', 'Romania 5%', 'Italy 5%']",89%,36,.hu
Czech Republic,139,CZ,45.20%,72,"78,867",99,"23,000",99,10.7,145,420,Prague,"102,218",38,116.48,119,CZK,1.69,142,34.60%,79,$1.17,52,"$246,489,245,495",47,100.7,113,2.7,171,Prague,79,35,3,175,$3.00,32,Czech,14.80%,152,4.12,18,"10,669,709",86,60.60%,105,14.90%,95,46.10%,56,1.93%,159,"7,887,156",73,49.817492,15.472962,,,,,185,,,,,,,,,,,,,,,,,,,,
Singapore,"8,358",SG,0.90%,186,716,56,"81,000",56,8.8,176,65,,"37,535",66,114.41,130,SGD,1.14,186,23.10%,110,$1.25,44,"$372,062,527,489",35,100.6,114,2.3,177,,83.1,5,8,147,,,Malay,36.70%,75,2.29,71,"5,703,569",114,70.50%,40,13.10%,111,21.00%,166,4.11%,117,"5,703,569",85,1.352083,103.819836,,166,164,193,104,FALSE,Buddhist 31.1%,35.6,59,4.15,164,6.10%,157,97.50%,54,"$106,000.00",4,,,"$733,782,000,000.00",8,"['China 15%', 'Hong Kong 13%', 'Malaysia 9%']",91%,27,.sg
Belarus,47,BY,42.00%,86,"207,600",40,"155,000",40,9.9,163,375,Minsk,"58,280",52,,,BYN,1.45,167,42.60%,59,$0.60,152,"$63,080,457,023",76,100.5,115,2.6,174,Minsk,74.2,87,2,180,$1.49,60,Russian,34.50%,86,5.19,7,"9,466,856",94,64.10%,77,14.70%,99,53.30%,32,4.59%,98,"7,482,982",76,53.709807,27.953389,Poland 375 km,346,154,0,177,TRUE,Orthodox 48.3%,40.9,35,12.81,11,24.50%,51,99.90%,4,"$19,800.00",63,5%,147,"$49,425,000,000.00",57,"['Russia 42%', 'Ukraine 13%', 'United Kingdom 7%']",87%,45,.by
Iceland,3,IS,18.70%,149,"103,000",167,0,166 (tied),12,132,354,Reykjav��,"2,065",142,129,83,ISK,1.71,138,0.50%,179,$1.69,6,"$24,188,035,739",108,100.4,116,1.5,187,Reykjav��,82.7,11,4,169,,,Icelandic,17.00%,142,4.08,19,"361,313",171,75.00%,23,23.30%,29,31.90%,127,2.84%,140,"339,110",161,64.963051,-19.020835,,"2,110",101,"4,970",48,TRUE,Evangelical Lutheran Church of Iceland (official) 62.3%,37.1,53,6.57,106,21.90%,76,,,"$53,600.00",15,8.80%,138,"$9,775,000,000.00",95,"['Netherlands 24%', 'Spain 10%', 'Germany 10%']",100%,6,.is
Slovenia,103,SI,30.70%,120,"20,273",142,"7,000",142,9.4,171,386,Ljubljana,"12,633",94,111.05,145,EUR,1.6,151,62.00%,23,$1.32,36,"$53,742,159,517",83,100.4,117,1.7,186,Ljubljana,81,28,7,153,$5.25,19,Slovene language,12.50%,160,3.09,42,"2,087,946",145,58.40%,122,18.60%,62,31.00%,133,4.20%,113,"1,144,654",144,46.151241,14.995463,Italy 218 km,"2,864",68,46.6,36,FALSE,Catholic 57.8%,44.9,8,10.46,26,20.20%,94,99.70%,16,"$40,000.00",34,12%,132,"$51,634,000,000.00",53,"['Germany 18%', 'Italy 11%', 'Croatia 8%']",89%,38,.si
Seychelles,214,SC,3.40%,181,455,169,0,166 (tied),17.1,103,248,"Victoria, Seychelles",605,162,129.96,78,SCR,2.41,84,88.40%,4,,,"$1,698,843,063",174,100.4,118,12.4,105,"Victoria, Seychelles",72.8,100,53,91,$2.00,43,French,2.50%,184,0.95,110,"97,625",181,,,34.10%,2,30.10%,139,,,"55,762",175,-4.679574,55.491977,,905,140,491,35,FALSE,Roman Catholic 76.2%,36.8,55,6.90,96,14%,123,95.90%,62,"$28,800.00",48,25.30%,60,"$1,751,000,000.00",143,"['United Arab Emirates 17%', 'United Kingdom 13%', 'France 12%']",82%,69,.sc
Norway,15,NO,2.70%,183,"323,802",97,"23,000",97,10.4,150,47,Oslo,"41,023",63,120.27,100,NOK,1.56,155,33.20%,87,$1.78,4,"$403,336,363,636",31,100.3,119,2.1,180,Oslo,82.8,9,2,178,,,Norwegian,14.30%,155,2.92,48,"5,347,896",118,63.80%,81,23.90%,28,36.20%,101,3.35%,133,"4,418,218",97,60.472024,8.468946,"Sweden 1,666 km","2,469",88,"25,148",81,FALSE,Church of Norway (Evangelical Lutheran - official) 67.5%,39.5,40,7.93,72,23.10%,63,,,"$65,700.00",8,12.70%,126,"$199,074,000,000.00",29,"['United Kingdom 21%', 'Germany 19%', 'Sweden 8%']",99%,8,.no
Australia,3,AU,48.20%,60,"7,741,220",66,"58,000",66,12.6,128,61,Canberra,"375,908",16,119.8,103,AUD,1.74,132,16.30%,124,$0.93,101,"$1,392,680,589,329",14,100.3,120,3.1,166,Sydney,82.7,10,6,156,$13.59,1,,19.60%,132,3.68,28,"25,766,605",53,65.50%,67,23.00%,31,47.40%,49,5.27%,89,"21,844,756",39,-25.274398,133.775136,,"2,228",99,"25,760",80,TRUE,Roman Catholic 20%,37.5,51,6.76,100,29%,22,,,"$49,800.00",20,,,"$389,794,000,000.00",18,"['China 40%', 'Japan 14%', 'South Korea 9%']",96%,14,.au
Serbia,100,RS,39.30%,96,"77,474",83,"32,000",83,9.2,172,381,Belgrade,"45,221",58,144,60,RSD,1.49,163,31.10%,99,$1.16,57,"$51,409,167,351",86,100.3,121,4.8,147,Belgrade,75.5,72,12,137,$1.57,53,Serbian,40.60%,56,3.11,41,"6,944,975",105,54.90%,138,18.60%,64,36.60%,98,12.69%,23,"3,907,243",105,44.016521,21.005859,Hungary 164 km,"2,169",100,0,165,TRUE,Orthodox 84.6%,43.4,19,15.12,2,21.50%,81,99.50%,22,"$19,800.00",64,23.20%,74,"$33,726,000,000.00",64,"['Germany 12%', 'Italy 10%', 'Bosnia and Herzegovina 7%']",81%,72,.rs
Finland,18,FI,7.50%,172,"338,145",94,"25,000",94,8.6,178,358,Helsinki,"45,871",56,112.33,139,EUR,1.41,173,73.10%,10,$1.45,18,"$268,761,201,365",44,100.2,122,1.4,188,Helsinki,81.7,21,3,173,,,Swedish,19.90%,130,3.81,27,"5,520,314",115,59.10%,119,20.80%,46,36.60%,96,6.59%,65,"4,716,888",94,61.92411,25.748151,Norway 709 km,"1,328",125,"1,250",131,TRUE,Lutheran 66.6%,42.8,22,10.37,27,22.20%,73,,,"$48,800.00",22,12.20%,131,"$116,905,000,000.00",34,"['Germany 13%', 'Sweden 9%', 'United States 8%']",93%,23,.fi
China,153,CN,56.20%,47,"9,596,960",2,"2,695,000",2,10.9,143,86,Beijing,"9,893,038",1,125.08,89,CNY,1.69,141,22.40%,114,$0.96,95,"$19,910,000,000,000",2,100.2,123,7.4,128,Shanghai,77,53,29,112,$0.87,85,Standard Chinese,32.40%,89,1.98,80,"1,397,715,000",1,68.00%,51,9.40%,146,59.20%,22,4.32%,109,"842,933,962",1,35.86166,104.195397,"India 2,659 km","8,849",1,"14,500",113,TRUE,folk religion 21.9%,38.4,46,7.82,76,6.20%,155,96.80%,56,"$17,600.00",69,0.60%,154,"$3,554,000,000,000.00",1,"['United States 17%', 'Hong Kong 10%', 'Japan 6%']",73%,98,.cn
Sri Lanka,341,LK,43.70%,78,"65,610",22,"317,000",22,15.83,110,94,Colombo,"23,362",82,155.53,49,LKR,2.2,97,32.90%,89,$0.88,113,"$84,008,783,756",68,100.2,124,6.4,134,Colombo,76.8,57,36,105,$0.35,122,Tamil,38.40%,65,1,107,"21,803,000",57,53.90%,142,11.90%,123,55.20%,28,4.20%,112,"4,052,088",102,7.873054,80.771797,,"2,524",86,"1,340",127,TRUE,Buddhist (official) 70.2%,33.7,68,6.54,108,5.20%,167,92.30%,83,"$13,400.00",91,4.10%,152,"$13,083,000,000.00",84,"['United States 24%', 'India 8%', 'United Kingdom 7%']",67%,110,.lk
Bhutan,20,BT,13.60%,156,"38,394",145,"6,000",145,17.26,102,975,Thimphu,"1,261",155,167.18,37,,1.98,114,72.50%,11,$0.98,88,"$2,446,674,101",166,100.1,125,24.8,63,Thimphu,71.5,114,183,48,$0.32,125,Dzongkha,19.80%,131,0.42,133,"727,145",160,66.70%,60,16.00%,87,35.30%,105,2.34%,150,"317,538",164,27.514162,90.433601,India 659 km,"7,570",5,0,139,TRUE,Lamaistic Buddhist 75.3%,29.1,100,6.05,120,6.40%,154,70.90%,121,"$10,900.00",103,8.20%,142,"$741,602,000.00",156,['India 94%'],86%,52,.bt
New Zealand,18,NZ,40.50%,90,"268,838",134,"9,000",134,11.98,135,64,Wellington,"34,382",69,114.24,131,NZD,1.71,140,38.60%,68,$1.40,27,"$206,928,765,544",52,100.0,126,4.7,148,Auckland,81.9,18,9,144,$11.49,4,English,12.60%,158,3.59,31,"4,841,000",123,69.90%,42,29.00%,6,34.60%,111,4.07%,119,"4,258,860",99,-40.900557,174.885971,,30,170,"15,134",111,FALSE,Christian 37.3% (Catholic 10.1%,37.2,52,6.89,98,30.80%,17,,,"$42,900.00",29,,,"$54,777,000,000.00",51,"['China 28%', 'Australia 14%', 'US 9%']",96%,15,.nz
Poland,124,PL,46.90%,67,"312,685",34,"191,000",34,10.2,155,48,Warsaw,"299,037",20,114.11,132,PLN,1.46,166,30.90%,101,$1.07,76,"$592,164,400,688",21,100.0,127,3.8,152,Warsaw,77.6,47,2,179,$2.93,34,Polish,23.20%,117,2.38,67,"37,970,874",38,56.70%,128,17.40%,76,40.80%,77,3.47%,129,"22,796,574",38,51.919438,19.145136,Belarus 375 km,"2,499",87,440,40,TRUE,Catholic 85% (includes Roman Catholic 84.8% and other Catholic 0.3%),41.9,28,10.75,25,23.10%,61,99.80%,9,"$34,900.00",38,15.40%,115,"$411,621,000,000.00",17,"['Germany 28%', 'UK 6%', 'Czechia 6%']",85%,54,.pl
Montenegro,47,ME,19.00%,148,"13,812",126,"12,000",126,11.73,137,382,Podgorica,"2,017",146,116.32,120,EUR,1.75,129,61.50%,25,$1.16,54,"$5,494,736,901",153,100.0,128,2.3,178,Podgorica,76.8,58,6,159,$1.23,69,Montenegrin language,31.80%,93,2.76,53,"622,137",163,54.40%,140,,,22.20%,164,14.88%,14,"417,765",157,42.708678,19.37439,Albania 186 km,"2,534",85,293.5,76,FALSE,Orthodox 72.1%,39.6,38,10.30,28,23.30%,59,99%,32,"$20,600.00",62,24.50%,66,"$2,502,000,000.00",135,"['Serbia 17%', 'Hungary 15%', 'China 11%']",82%,68,.me
Mauritania,5,MR,38.50%,98,"1,030,700",103,"21,000",103,33.69,24,222,Nouakchott,"2,739",139,135.02,70,MRU,4.56,22,0.20%,181,$1.13,63,"$7,593,752,450",148,99.9,129,51.5,19,Nouakchott,64.7,151,766,7,$0.53,101,Arabic,48.20%,38,0.19,153,"4,525,696",125,45.90%,163,,,67.00%,13,9.55%,43,"2,466,821",122,21.00789,-10.940835,"Mali 2,236 km",915,139,754,11,FALSE,Muslim (official) 100%,21,144,7.33,84,12.70%,125,67%,124,"$5,300.00",132,31%,51,"$3,180,000,000.00",132,"['China 32%', 'Switzerland 13%', 'Spain 9%']",59%,121,.mr
Saudi Arabia,16,SA,80.80%,2,"2,149,690",26,"252,000",26,17.8,97,966,Riyadh,"563,449",9,118.4,107,SAR,2.32,87,0.50%,178,$0.24,173,"$792,966,838,162",18,99.8,130,6,141,Riyadh,75,78,17,129,$3.85,23,Arabic,15.00%,150,2.61,55,"34,268,528",41,55.90%,133,8.90%,152,15.70%,174,5.93%,77,"28,807,838",31,23.885942,45.079162,Oman 658 km,"3,000",58,"2,640",91,TRUE,Muslim (official; citizens are 85-90% Sunni and 10-12% Shia),30.8,84,3.45,172,35.40%,11,97.60%,50,"$44,300.00",27,,,"$286,502,000,000.00",24,"['China 20%', 'India 11%', 'Japan 11%']",100%,2,.sa
Thailand,137,TH,43.30%,79,"513,120",16,"455,000",16,10.34,151,66,Bangkok,"283,763",21,113.27,137,THB,1.53,159,32.20%,93,$0.71,141,"$543,649,976,166",22,99.8,131,7.8,125,Bangkok,76.9,54,37,102,$1.06,74,Thai,11.80%,162,0.81,117,"69,625,582",20,67.30%,56,14.90%,94,29.50%,141,0.75%,169,"35,294,600",27,15.870032,100.992541,Malaysia 595 km,"2,565",83,"3,219",71,FALSE,Buddhist 94.6%,39,42,7.86,74,10%,129,94.10%,79,"$17,100.00",70,9.90%,135,"$296,002,000,000.00",22,"['United States 13%', 'China 12%', 'Japan 10%']",85%,55,.th
Ivory Coast,83,CI,64.80%,27,"322,463",91,"27,000",91,35.74,17,225,Yamoussoukro,"9,674",104,111.61,142,XOF,4.65,18,32.70%,90,$0.93,100,"$58,792,205,642",79,99.8,132,59.4,13,Abidjan,57.4,180,617,11,$0.36,119,French,36.00%,83,0.23,148,"25,716,544",54,57.00%,127,11.80%,125,50.10%,36,3.32%,134,"13,176,900",51,7.539989,-5.54708,,,,,184,,,,,,,,,,,,,,,,,,,,
Azerbaijan,123,AZ,57.70%,46,"86,600",55,"82,000",55,14,116,994,Baku,"37,620",65,156.32,45,AZN,1.73,134,14.10%,130,$0.56,155,"$39,207,000,000",92,99.7,133,19.2,77,Baku,72.9,97,26,118,$0.47,108,Azerbaijani language,78.60%,3,3.45,32,"10,023,318",90,66.50%,62,13.00%,113,40.70%,78,5.51%,84,"5,616,165",88,40.143105,47.576927,Iran 689 km,"4,466",31,0,149,TRUE,Muslim 97.3% (predominantly Shia),32.6,75,6.92,94,19.90%,100,99.80%,12,"$14,400.00",82,4.90%,148,"$25,488,000,000.00",70,"['Italy 28%', 'Turkey 15%', 'Israel 7%']",86%,49,.az
Greece,81,GR,47.60%,63,"131,957",43,"146,000",43,8.1,181,30,Athens,"62,434",49,101.87,173,EUR,1.35,176,31.70%,96,$1.54,13,"$209,852,761,469",51,99.6,134,3.6,158,Macedonia,81.3,25,3,174,$4.46,21,Greek,35.50%,85,5.48,6,"10,716,322",85,51.80%,149,26.20%,16,51.90%,33,17.24%,10,"8,507,474",67,39.074208,21.824312,Albania 212 km,"2,917",64,"13,676",115,FALSE,Greek Orthodox 81-90%,45.3,6,12.02,14,24.90%,47,97.90%,47,"$29,500.00",46,17.90%,102,"$87,521,000,000.00",42,"['Italy 10%', 'Germany 7%', 'Turkey 5%']",78%,82,.gr
Comoros,467,KM,71.50%,18,"2,235",176,,,31.88,35,269,"Moroni, Comoros",202,178,103.62,171,KMF,4.21,34,19.70%,117,,,"$1,185,728,677",180,99.5,135,51.3,20,"Moroni, Comoros",64.1,155,273,38,$0.71,90,French,74.80%,6,0.27,145,"850,886",158,43.30%,169,,,219.60%,1,4.34%,106,"248,152",165,-11.6455,43.3333,,"2,360",93,340,62,TRUE,Sunni Muslim 98%,20.9,145,6.49,109,7.80%,145,62%,129,"$3,200.00",148,42.40%,27,"$139,575,000.00",167,"['France 32%', 'India 23%', 'Germany 10%']",27%,159,.km
Bahrain,"2,239",BH,11.10%,163,765,109,"19,000",109,13.99,119,973,Manama,"31,694",72,117.59,112,BHD,1.99,112,0.80%,177,$0.43,163,"$38,574,069,149",95,99.4,136,6.1,139,Riffa,77.2,50,14,134,,,Arabic,25.10%,112,0.93,111,"1,501,635",149,73.40%,28,4.20%,161,13.80%,176,0.71%,170,"1,467,109",138,26.0667,50.5577,,135,166,161,108,FALSE,Muslim 73.7%,32.9,71,2.83,175,29.80%,20,97.50%,52,"$49,400.00",21,,,"$30,097,000,000.00",66,"['United Arab Emirates 31%', 'Saudi Arabia 12%', 'Japan 8%']",100%,5,.bh
Latvia,30,LV,31.10%,118,"64,589",143,"6,000",143,10,162,371,Riga,"7,004",116,116.86,117,EUR,1.6,150,54.00%,34,$1.16,55,"$34,117,202,555",98,99.4,137,3.3,162,Riga,74.7,81,19,124,$2.80,36,Latvian,41.60%,54,3.19,40,"1,912,789",147,61.40%,100,22.90%,34,38.10%,85,6.52%,66,"1,304,943",140,56.879635,24.603189,Belarus 161 km,312,157,498,34,FALSE,Lutheran 36.2%,44.4,12,14.69,4,23.60%,58,99.90%,5,"$32,100.00",42,22.90%,76,"$25,248,000,000.00",71,"['Lithuania 17%', 'Estonia 9%', 'United Kingdom 8%']",91%,31,.lv
Barbados,668,BB,23.30%,136,430,165,"1,000",165,10.65,146,1,Bridgetown,"1,276",154,134.09,71,BBD,1.62,146,14.70%,129,$1.81,3,"$5,209,000,000",155,99.4,138,11.3,110,Bridgetown,79.1,34,27,116,$3.13,29,English,45.20%,46,2.48,64,"287,025",173,65.20%,68,27.50%,9,35.60%,104,10.33%,38,"89,431",170,13.193887,-59.543198,,336,155,97,2,FALSE,Protestant 66.4% (includes Anglican 23.9%,39.5,39,8.03,69,23.10%,62,99.60%,18,"$13,800.00",85,,,"$357,000,000.00",164,"['United States 20%', 'Jamaica 12%', 'Guyana 8%']",86%,53,.bb
Cyprus,131,CY,12.20%,160,"9,251",118,"16,000",118,10.46,149,357,Nicosia,"6,626",118,102.51,172,EUR,1.33,177,18.70%,122,$1.23,45,"$24,564,647,935",107,99.3,139,1.9,183,Statos�������,80.8,30,6,158,,,Greek,43.90%,48,1.95,81,"1,198,575",154,63.10%,85,24.50%,23,22.40%,162,7.27%,57,"800,708",149,35.126413,33.429859,,"1,951",108,648,18,FALSE,Eastern Orthodox Christian 89.1%,37.9,48,6.99,92,21.80%,77,99.40%,25,"$41,700.00",32,14.70%,120,"$24,551,000,000.00",72,"['India 9%', 'Greece 9%', 'Libya 8%']",91%,32,.cy
Ukraine,75,UA,71.70%,17,"603,550",24,"297,000",24,8.7,177,380,Kyiv,"202,250",27,281.66,8,UAH,1.3,178,16.70%,123,$0.83,117,"$153,781,069,118",57,99.0,140,7.5,127,Kyiv,71.6,113,19,126,$0.84,86,Ukrainian,47.80%,40,2.99,46,"44,385,155",32,54.20%,141,20.10%,53,45.20%,60,8.88%,48,"30,835,699",29,48.379433,31.16558,"Russia 1,944 km, Slovakia 97 km","2,061",104,"2,782",90,FALSE,Orthodox (includes the Orthodox Church of Ukraine (OCU),41.2,33,13.70,6,24.10%,53,100%,2,"$12,900.00",95,1.10%,153,"$81,504,000,000.00",45,"['Russia 9%', 'China 8%', 'Germany 6%']",79%,75,.ua
Japan,347,JP,12.30%,159,"377,944",25,"261,000",25,7.4,183,81,Tokyo,"1,135,886",5,105.48,167,,1.42,170,68.50%,17,$1.06,77,"$5,081,769,542,380",3,98.8,141,1.8,184,Tokyo,84.2,2,5,160,$6.77,14,,13.10%,157,2.41,65,"126,226,568",10,61.70%,96,11.90%,122,46.70%,53,2.29%,151,"115,782,416",6,36.204824,138.252924,,"3,776",40,"29,751",77,FALSE,Shintoism 70.5%,48.6,2,11.74,16,4.30%,170,,,"$40,800.00",33,16.10%,112,"$919,158,000,000.00",5,"['China 21%', 'US 18%', 'South Korea 7%']",83%,62,.jp
Slovakia,114,SK,39.20%,97,"49,035",117,"16,000",117,10.6,147,421,Bratislava,"32,424",70,115.34,125,EUR,1.52,160,40.40%,65,$1.32,37,"$105,422,304,976",61,98.7,142,4.6,149,Bratislava,77.2,51,5,167,$3.11,30,Slovak,18.40%,135,3.42,33,"5,454,073",116,59.50%,114,18.70%,61,49.70%,37,5.56%,82,"2,930,419",116,48.669026,19.699024,Poland 517 km,"2,655",77,0,162,TRUE,Roman Catholic 55.8%,41.8,30,10.18,30,20.50%,91,,,"$31,900.00",43,11.90%,133,"$107,430,000,000.00",36,"['Germany 22%', 'Czechia 11%', 'Poland 7%']",89%,37,.sk
Zambia,25,ZM,32.10%,114,"752,618",115,"16,000",115,36.19,16,260,Lusaka,"5,141",127,212.31,17,ZMW,4.63,19,65.20%,21,$1.40,26,"$23,064,722,446",111,98.7,143,40.4,32,Lusaka,63.5,161,213,44,$0.24,135,English,27.50%,105,1.19,103,"17,861,030",64,74.60%,25,16.20%,86,15.60%,175,11.43%,31,"7,871,713",74,-13.133897,27.849332,Mozambique 439 km,"2,330",96,0,164,TRUE,Protestant 75.3%,16.9,172,6.02,121,8.10%,143,86.70%,96,"$3,200.00",147,54.40%,15,"$11,716,000,000.00",86,"['Switzerland 32%', 'China 14%', 'Namibia 12%']",21%,167,.zm
Georgia,57,GE,34.50%,105,"69,700",93,"26,000",93,13.47,126,995,Tbilisi,"10,128",100,133.61,73,GEL,2.06,106,40.60%,64,$0.76,130,"$17,743,195,770",118,98.6,144,8.7,122,Tbilisi,73.6,92,25,119,$0.05,148,Georgian,57.30%,21,7.12,2,"3,720,382",129,68.30%,50,21.70%,41,9.90%,180,14.40%,17,"2,196,476",127,42.315407,43.356892,Armenia 219 km,"5,193",20,310,65,TRUE,Eastern Orthodox Christian (official) 83.4%,38.6,44,10.76,24,21.70%,78,99.60%,19,"$15,500.00",73,19.50%,96,"$8,086,000,000.00",103,"['Russia 12%', 'Azerbaijan 12%', 'Armenia 9%']",76%,92,.ge
Bolivia,11,BO,34.80%,103,"1,098,581",62,"71,000",62,21.75,70,591,Sucre,"21,606",84,148.32,58,BOB,2.73,70,50.30%,41,$0.71,139,"$40,895,322,865",89,98.2,145,21.8,70,Santa Cruz de la Sierra,71.2,118,155,54,$1.36,63,Spanish,25.90%,109,1.59,89,"11,513,100",79,71.80%,35,17.00%,80,83.70%,3,3.50%,127,"8,033,035",72,-16.290154,-63.588653,Chile 942 km,"6,542",11,0,143,TRUE,Roman Catholic 70%,25.3,121,4.33,160,20.20%,97,92.50%,81,"$8,100.00",118,37.20%,40,"$11,439,000,000.00",88,"['Argentina 16%', 'Brazil 15%', 'United Arab Emirates 12%']",66%,112,.bo
South Korea,527,KR,17.40%,153,"99,720",10,"634,000",10,6.4,187,82,Seoul,"620,302",8,115.16,126,KRW,0.98,187,63.40%,22,$1.22,46,"$2,029,000,000,000",8,98.1,146,2.7,172,Seoul,82.6,12,11,139,$6.49,16,Korean,36.80%,72,2.36,69,"51,709,098",28,63.00%,86,15.60%,89,33.20%,119,4.15%,115,"42,106,719",20,35.907757,127.766922,,,,,180,,,,,,,,,,,,,,,,,,,,
The Gambia,239,GM,59.80%,39,"11,300",163,"1,000",163,38.54,8,220,Banjul,532,166,172.73,34,GMD,5.22,9,48.40%,46,$1.18,50,"$1,763,819,048",172,98.0,147,39,36,Serekunda,61.7,165,597,12,$0.13,143,English,20.30%,129,0.1,166,"2,347,706",141,59.40%,116,9.40%,147,48.40%,45,9.06%,46,"1,453,958",139,13.443182,-15.310139,,,,,188,,,,,,,,,,,,,,,,,,,,
Guyana,4,GY,8.60%,169,"214,969",152,"3,000",152,19.97,80,592,"Georgetown, Guyana","2,384",141,116.19,122,GYD,2.46,77,83.90%,6,$0.90,110,"$4,280,443,645",157,97.8,148,25.1,62,"Georgetown, Guyana",69.8,125,169,51,$0.98,79,English,40.50%,57,0.8,118,"782,766",159,56.20%,131,,,30.60%,137,11.85%,29,"208,912",167,4.860416,-58.93018,"Brazil 1,308 km","2,775",71,459,37,FALSE,Protestant 34.8% (Pentecostal 22.8%,27.5,108,6.95,93,20.20%,96,88.80%,89,"$21,900.00",58,35%,45,"$4,640,000,000.00",121,"['United States 40%', 'Singapore 14%', 'United Arab Emirates 6%']",85%,57,.gy
Estonia,31,EE,23.10%,138,"45,228",144,"6,000",144,10.9,144,372,Tallinn,"16,590",91,122.14,95,EUR,1.59,152,51.30%,40,$1.14,60,"$31,386,949,981",100,97.2,149,2.1,181,Tallinn,78.2,42,9,146,$3.14,28,Estonian,22.80%,119,4.48,13,"1,331,824",152,63.60%,83,20.90%,44,47.80%,47,5.11%,91,"916,024",147,58.595272,25.013607,Russia 324 km,318,156,"3,794",68,FALSE,Orthodox 16.2%,43.7,16,13.13,8,21.20%,85,99.90%,6,"$38,700.00",36,21.70%,82,"$29,056,000,000.00",68,"['Finland 12%', 'United States 9%', 'Latvia 9%']",91%,30,.ee
Venezuela,32,VE,24.50%,133,"912,050",18,"343,000",18,17.88,95,58,Caracas,"164,175",33,"2,740.27",2,VED,2.27,90,52.70%,36,$0.00,175,"$482,359,318,768",25,97.2,150,21.4,72,Caracas,72.1,106,125,61,$0.01,150,Spanish,45.80%,44,1.92,83,"28,515,829",50,59.70%,111,,,73.30%,8,8.80%,49,"25,162,368",34,6.42375,-66.58973,"Brazil 2,137 km","4,978",22,"2,800",88,TRUE,Roman Catholic 96%,30,88,6.55,107,25.60%,44,97.50%,53,"$7,704.00",121,33.10%,48,"$83,401,000,000.00",44,"['India 34%', 'China 28%', 'United States 12%']",78.70%,81,.ve
Federated States of Micronesia,784,FM,31.40%,116,702,180,,,22.82,66,691,Palikir,143,183,112.1,140,USD,3.05,58,91.90%,2,,,"$401,932,279",187,97.2,151,25.6,60,Palikir,67.8,135,88,74,,,English,2.50%,185,0.18,156,"113,815",177,,,25.20%,21,60.50%,21,,,"25,963",183,7.425554,150.550812,,,,,192,,,,,,,,,,,,,,,,,,,,
Maldives,"1,802",MV,26.30%,129,298,146,"5,000",146,14.2,115,960,Mal�,"1,445",150,99.7,174,,1.87,123,3.30%,163,$1.63,8,"$5,729,248,472",151,97.1,152,7.4,129,Mal�,78.6,38,53,90,,,Divehi,16.40%,145,4.56,12,"530,953",165,69.80%,44,19.50%,55,30.20%,138,6.14%,75,"213,645",166,3.202778,73.22068,,5,172,644,19,FALSE,Sunni Muslim (official),29.5,93,4.20,163,8.60%,138,97.90%,48,"$18,800.00",67,8.20%,141,"$3,950,000,000.00",125,"['Thailand 24%', 'United States 13%', 'China 12%']",86%,50,.mv
Croatia,73,HR,27.60%,127,"56,594",112,"18,000",112,9,174,385,Zagreb,"17,488",88,109.82,156,HRK,1.47,165,34.40%,81,$1.26,43,"$60,415,553,039",78,96.5,153,4,151,Zagreb,78.1,43,8,150,$2.92,35,Croatian,15.20%,148,3,45,"4,067,500",128,51.20%,150,22.00%,38,20.50%,168,6.93%,60,"2,328,318",124,45.1,15.2,Montenegro 19 km,"1,831",116,"5,835",30,FALSE,Roman Catholic 86.3%,43.9,13,12.98,9,24.40%,52,99.40%,24,"$31,600.00",44,18.30%,100,"$35,308,000,000.00",63,"['Italy 13%', 'Germany 13%', 'Slovenia 10%']",81%,71,.hr
Burkina Faso,76,BF,44.20%,77,"274,200",128,"11,000",128,37.93,10,226,Ouagadougou,"3,418",133,106.58,164,XOF,5.19,10,19.30%,119,$0.98,91,"$15,745,810,235",122,96.1,154,49,24,Ouagadougou,61.2,168,320,32,$0.34,124,French,36.10%,80,0.08,173,"20,321,378",58,66.40%,63,15.00%,93,41.30%,74,6.26%,73,"6,092,349",82,12.238333,-1.561593,Cote d'Ivoire 545 km,749,146,0,173,TRUE,Muslim 63.2%,17.9,168,7.50,81,5.60%,160,46%,138,"$2,200.00",160,41.40%,31,"$5,356,000,000.00",114,"['Switzerland 59%', 'India 21%']",22%,163,.bf
Lebanon,667,LB,64.30%,30,"10,400",58,"80,000",58,17.55,101,961,Beirut,"24,796",81,130.02,77,LBP,2.09,103,13.40%,131,$0.74,134,"$53,367,042,272",84,95.1,155,6.4,135,"Tripoli, Lebanon",78.9,36,29,111,$2.15,42,Arabic,32.10%,92,2.1,76,"6,855,713",106,47.00%,159,15.30%,90,32.20%,124,6.23%,74,"6,084,994",83,33.854721,35.862285,Syria 403 km,"3,088",52,225,83,FALSE,Muslim 67.8% (31.9% Sunni,33.7,67,5.57,138,32%,14,95.10%,70,"$13,000.00",93,27.40%,55,"$10,147,000,000.00",93,"['Switzerland 27%', 'United Arab Emirates 15%', 'South Korea 11%']",87%,47,.lb
El Salvador,313,SV,76.40%,8,"21,041",75,"42,000",75,18.25,91,503,San Salvador,"7,169",115,111.23,143,,2.04,110,12.60%,134,$0.83,118,"$27,022,640,000",103,94.8,156,11.8,109,San Salvador,73.1,96,46,95,$0.50,104,Spanish,27.90%,102,1.57,92,"6,453,553",110,59.10%,118,18.10%,69,36.40%,100,4.11%,116,"4,694,702",95,13.794185,-88.89653,Honduras 391 km,"2,730",74,307,66,FALSE,Roman Catholic 50%,27.7,107,5.92,125,24.60%,50,89.10%,88,"$9,100.00",112,22.80%,77,"$8,491,000,000.00",102,"['United States 40%', 'Guatemala 15%', 'Honduras 15%']",63%,115,.sv
Panama,58,PA,30.40%,121,"75,420",92,"26,000",92,18.98,86,507,Panama City,"10,715",98,122.07,96,,2.46,76,61.90%,24,$0.74,133,"$66,800,800,000",74,94.4,157,13.1,102,Panama City,78.3,41,52,92,$1.53,58,Spanish,30.50%,95,1.57,91,"4,246,439",126,66.60%,61,,,37.20%,92,3.90%,123,"2,890,084",117,8.537981,-80.782127,Costa Rica 348 km,"3,475",45,"2,490",93,TRUE,Roman Catholic 48.6%,30.1,86,5.88,127,22.70%,66,95.70%,65,"$29,000.00",47,22.10%,79,"$27,237,000,000.00",69,"['Ecuador 20%', 'Guatemala 14%', 'China 8%']",68%,107,.pa
Pakistan,287,PK,47.80%,61,"796,095",6,"936,000",6,28.25,49,92,Islamabad,"201,150",29,182.32,25,PKR,3.51,51,1.90%,169,$0.79,127,"$304,400,000,000",40,94.3,158,57.2,14,Karachi,67.1,139,140,59,$0.69,92,Urdu,66.50%,13,0.98,108,"216,565,318",5,52.60%,148,9.20%,150,33.90%,115,4.45%,103,"79,927,762",10,30.375321,69.345116,China 438 km,"8,611",3,"1,046",135,FALSE,Muslim (official) 96.5% (Sunni 85-90%,22,139,5.94,124,8.60%,137,58%,132,"$5,200.00",133,24.30%,68,"$35,566,000,000.00",62,"['United States 14%', 'China 8%', 'Germany 7%']",21%,166,.pk
Tanzania,67,TZ,44.80%,73,"947,300",89,"28,000",89,36.7,13,255,Dodoma,"11,973",95,187.43,21,TZS,4.89,12,51.60%,38,$0.87,115,"$63,177,068,175",75,94.2,159,37.6,40,Dar es Salaam,65,150,524,18,$0.09,145,Swahili,26.10%,106,0.01,187,"58,005,463",25,83.40%,6,11.50%,129,43.80%,65,1.98%,158,"20,011,885",41,-6.369028,34.888822,Burundi 589 km,"5,895",14,"1,424",126,FALSE,Christian 63.1%,18.2,165,5.02,149,8.40%,140,81.80%,105,"$2,600.00",152,26.40%,57,"$8,555,000,000.00",101,"['India 15%', 'United Arab Emirates 15%', 'Switzerland 14%']",32%,154,.tz
Yemen,56,YE,44.60%,74,"527,968",78,"40,000",78,30.45,40,967,Sanaa,"10,609",99,157.58,44,YER,3.79,43,1.00%,174,$0.92,106,"$26,914,402,224",104,93.6,160,42.9,28,Sanaa,66.1,146,164,52,,,Arabic,81.00%,2,0.31,142,"29,161,922",48,38.00%,175,,,26.60%,151,12.91%,21,"10,869,523",55,15.552727,48.516388,Oman 294 km,"3,666",42,"1,906",119,FALSE,Muslim 99.1% (official; virtually all are citizens,19.8,154,5.54,139,17.10%,113,70.10%,122,"$2,500.00",154,48.60%,20,"$384,500,000.00",163,"['China 53%', 'Saudi Arabia 10%', 'United Arab Emirates 7%']",26.60%,160,.ye
Turkey,110,TR,49.80%,57,"783,562",14,"512,000",14,16.03,109,90,Ankara,"372,725",17,234.44,13,TRY,2.07,105,15.40%,125,$1.42,23,"$754,411,708,203",19,93.2,161,9.1,119,Istanbul,77.4,48,17,128,$3.45,25,Turkish,16.90%,143,1.85,85,"83,429,615",17,52.80%,147,17.90%,72,42.30%,71,13.49%,20,"63,097,818",12,38.963745,35.243322,,,,,179,,,,,,,,,,,,,,,,,,,,
Armenia,104,AM,58.90%,41,"29,743",69,"49,000",69,13.99,118,374,Yerevan,"5,156",126,129.18,82,AMD,1.76,126,11.70%,138,$0.77,129,"$13,672,802,158",130,92.7,162,11,114,Yerevan,74.9,79,26,117,$0.66,94,Armenian,81.60%,1,4.4,14,"2,957,731",134,55.60%,135,20.90%,45,22.60%,161,16.99%,11,"1,869,848",132,40.069099,45.038189,Georgia 219 km,"4,090",36,0,151,TRUE,Armenian Apostolic Christian 92.6%,36.6,56,9.54,39,20.20%,95,99.80%,11,"$14,200.00",83,26.40%,56,"$5,012,000,000.00",119,"['Russia 22%', 'Switzerland 20%', 'China 7%']",79%,79,.am
Kuwait,240,KW,8.40%,170,"17,818",95,"25,000",95,13.94,122,965,Kuwait City,"98,734",39,126.6,86,KWD,2.08,104,0.40%,180,$0.35,169,"$134,761,198,946",58,92.4,163,6.7,131,Kuwait City,75.4,73,12,138,$0.95,81,Modern Standard Arabic,14.40%,154,2.58,59,"4,207,083",127,73.50%,27,1.40%,165,13.00%,178,2.18%,153,"4,207,083",101,29.31166,47.481766,Saudi Arabia 221 km,300,158,499,33,FALSE,Muslim (official) 74.6%,29.7,91,2.27,176,37.90%,8,96.50%,58,"$43,900.00",28,,,"$77,121,000,000.00",47,"['China 20%', 'South Korea 16%', 'India 15%']",100%,4,.kw
Honduras,89,HN,28.90%,122,"112,090",98,"23,000",98,21.6,71,504,Tegucigalpa,"9,813",102,150.34,54,HNL,2.46,75,40.00%,66,$0.98,90,"$25,095,395,475",105,91.5,164,15.1,89,Tegucigalpa,75.1,76,65,84,$1.01,78,Spanish,49.10%,35,0.31,143,"9,746,117",93,68.80%,48,17.30%,78,39.10%,81,5.39%,86,"5,626,433",87,15.199999,-86.241905,El Salvador 391 km,"2,870",67,823,10,FALSE,Evangelical/Protestant 48%,24.4,124,4.69,157,21.40%,82,88.50%,92,"$5,600.00",128,48.30%,21,"$7,941,000,000.00",104,"['United States 53%', 'El Salvador 8%', 'Guatemala 5%']",48%,134,.hn
Guinea,53,GN,59.00%,40,"245,857",121,"13,000",121,36.36,14,224,Conakry,"2,996",137,262.95,11,GNF,4.7,17,25.80%,106,$0.90,112,"$13,590,281,809",131,91.5,165,64.9,8,Kankan,61.2,167,576,13,,,French,54.50%,27,0.08,169,"12,771,246",74,61.50%,99,10.80%,134,69.30%,11,4.30%,110,"4,661,505",96,9.945587,-9.696645,Mali 1062 km,"1,752",118,320,63,TRUE,Muslim 89.1%,19.1,159,7.97,71,7.70%,146,45.30%,140,"$2,600.00",153,43.70%,26,"$10,266,000,000.00",92,"['United Arab Emirates 39%', 'China 36%', 'India 6%']",35%,145,.gn
Jamaica,273,JM,41.00%,89,"10,991",150,"4,000",150,16.1,108,1876,"Kingston, Jamaica","8,225",109,162.47,41,JMD,1.98,115,30.90%,100,$1.11,69,"$16,458,071,068",121,91.0,166,12.4,106,"Kingston, Jamaica",74.4,85,80,76,$1.33,64,Jamaican English,23.70%,116,1.31,97,"2,948,279",135,66.00%,65,26.80%,12,35.10%,107,8.00%,55,"1,650,594",134,18.109581,-77.297508,,"2,256",98,"1,022",136,FALSE,Protestant 64.8% (includes Seventh Day Adventist 12.0%,29.4,94,7.44,82,24.70%,48,88.70%,91,"$9,600.00",109,17.10%,108,"$4,385,000,000.00",122,"['United States 46%', 'Netherlands 9%', 'Canada 6%']",82%,67,.jm
Moldova,123,MD,74.20%,11,"33,851",141,"7,000",141,10.1,159,373,Chi����,"5,115",128,166.2,38,MDL,1.26,182,12.60%,135,$0.80,125,"$11,955,435,457",138,90.6,167,13.6,100,Chi����,71.8,110,19,125,$0.31,127,Romanian,46.20%,43,3.21,39,"2,657,637",139,43.10%,170,17.70%,75,38.70%,82,5.47%,85,"1,135,502",145,47.411631,28.369885,Ukraine 1202 km,430,152,0,176,TRUE,Orthodox 90.1%,37.7,50,12.51,12,18.90%,106,99.60%,20,"$14,000.00",84,7.30%,143,"$4,197,000,000.00",123,"['Romania 27%', 'Russia 9%', 'Italy 9%']",61%,119,.md
Bulgaria,64,BG,46.30%,68,"110,879",85,"31,000",85,8.9,175,359,Sofia,"41,708",61,114.42,129,BGN,1.56,156,35.40%,77,$1.11,68,"$86,000,000,000",67,89.3,168,5.9,142,Sofia,74.9,80,10,142,$1.57,54,Bulgarian,47.70%,41,4.03,20,"6,975,761",104,55.40%,136,20.20%,50,28.30%,147,4.34%,107,"5,256,027",90,42.733883,25.48583,Romania 605 km,"2,925",63,354,60,FALSE,Eastern Orthodox 59.4%,43.7,15,14.31,5,25%,46,98.40%,40,"$24,400.00",54,23.80%,70,"$51,505,000,000.00",54,"['Germany 16%', 'Romania 8%', 'Italy 7%']",75%,94,.bg
Turkmenistan,13,TM,72.00%,14,"488,100",74,"42,000",74,23.83,62,993,Ashgabat,"70,630",45,,,TMT,2.79,67,8.80%,147,$0.29,170,"$40,761,142,857",90,88.4,169,39.3,34,Ashgabat,68.1,134,7,155,$0.88,84,Turkmen,71.10%,11,2.22,72,"5,942,089",112,64.50%,74,,,,,3.91%,122,"3,092,738",115,38.969719,59.556278,"Iran 1,148 km","3,139",50,0,156,TRUE,Muslim 93%,29.2,97,5.96,123,18.60%,110,99.70%,17,"$15,000.00",74,0.20%,155,"$7,458,000,000.00",107,['China 82%'],25.30%,161,.tm
Chad,13,TD,39.70%,93,"1,284,000",80,"35,000",80,42.17,2,235,N'Djamena,"1,016",158,117.7,111,XAF,5.75,5,3.80%,160,$0.78,128,"$11,314,951,343",139,86.8,170,71.4,5,N'Djamena,54,184,1140,2,$0.60,96,French,56.40%,25,0.04,181,"15,946,876",71,70.70%,39,,,63.50%,17,1.89%,160,"3,712,273",108,15.454166,18.732207,"Sudan 1,403 km","3,445",47,0,154,TRUE,Muslim 52.1%,16.1,174,9.21,47,6.10%,156,26.80%,146,"$1,400.00",173,42.30%,28,"$2,464,000,000.00",136,"['China 32%', 'United Arab Emirates 21%', 'India 19%']",18%,169,.td
Tuvalu,393,TV,60.00%,37,26,190,,,,,688,Funafuti,11,187,,,AUD,,,33.30%,85,,,"$47,271,463",192,86.0,171,20.6,74,Singapore,,,,,,,Tuvaluan Language,0.70%,186,0.92,112,"11,646",191,,,,,,,,,"7,362",188,-7.109535,177.64933,,5,173,24,82,FALSE,Protestant 92.7% (Congregational Christian Church of Tuvalu 85.9%,26.6,112,7.90,73,51.60%,4,,,"$4,900.00",135,26.30%,58,"$2,699,000.00",178,"['Thailand 50%', 'Indonesia 40%']",49%,133,.tv
Romania,84,RO,58.80%,42,"238,391",48,"126,000",48,9.6,167,40,Bucharest,"69,259",46,123.78,93,RON,1.71,139,30.10%,102,$1.16,58,"$250,077,444,017",46,85.2,172,6.1,140,Bucharest,75.4,74,19,123,$2.25,41,Romanian,21.30%,127,2.98,47,"19,356,544",60,54.70%,139,14.60%,100,20.00%,170,3.98%,120,"10,468,793",58,45.943161,24.96676,Serbia 531 km,"2,544",84,225,84,FALSE,Romanian Orthodox 85.3%,42.5,24,14.92,3,22.50%,68,98.90%,35,"$30,800.00",45,23.80%,69,"$115,879,000,000.00",35,"['Germany 22%', 'Italy 10%', 'France 7%']",84%,59,.ro
Liberia,53,LR,28.00%,126,"111,369",155,"2,000",155,33.04,28,231,Monrovia,"1,386",151,223.13,16,,4.32,29,43.10%,54,$0.80,124,"$3,070,518,100",163,85.1,173,53.5,17,Monrovia,63.7,159,661,9,$0.17,141,English,19.60%,133,0.04,183,"4,937,374",122,76.30%,21,12.90%,116,46.20%,54,2.81%,141,"2,548,426",120,6.428055,-9.429499,Sierra Leone 299 km,"1,447",121,579,23,FALSE,Christian 85.6%,18,166,6.46,110,9.90%,130,48.30%,136,"$1,400.00",172,50.90%,17,"$554,013,000.00",159,"['Guyana 32%', 'Poland 10%', 'Switzerland 8%']",34%,151,.lr
Nigeria,226,NG,77.70%,6,"923,768",30,"215,000",30,37.91,11,234,Abuja,"120,369",36,267.51,10,NGN,5.39,8,7.20%,155,$0.46,160,"$448,120,428,859",27,84.7,174,75.7,4,Lagos,54.3,183,917,4,$0.54,99,English,72.20%,8,0.38,137,"200,963,599",7,52.90%,145,1.50%,164,34.80%,109,8.10%,54,"102,806,948",8,9.081999,8.675277,"Niger 1,608 km","2,419",91,853,8,FALSE,Muslim 53.5%,18.6,160,8.52,56,8.90%,133,62%,128,"$4,900.00",134,40.10%,34,"$50,856,000,000.00",55,"['India 16%', 'Spain 12%', 'United States 6%']",55%,125,.ng
Marshall Islands,329,MH,63.90%,31,181,187,,,29.03,46,692,Majuro,143,182,,,USD,4.05,37,70.20%,13,$1.44,20,"$221,278,000",189,84.7,175,27.4,57,Majuro,65.2,148,,,$2.00,45,Marshallese,10.00%,171,0.42,134,"58,791",185,,,17.80%,74,65.90%,15,,,"45,514",177,7.131474,171.184478,,14,171,370.4,55,FALSE,Protestant 80.5% (United Church of Christ 47%,23.8,132,4.30,162,52.90%,3,98.30%,43,"$6,000.00",125,,,"$76,734,000.00",173,"['Poland 28%', 'Denmark 19%', 'South Korea 13%']",38.70%,142,.mh
Syria,95,SY,75.80%,9,"185,180",28,"239,000",28,23.69,63,963,Damascus,"28,830",74,143.2,63,SYP,2.81,66,2.70%,166,$0.83,119,"$40,405,006,007",91,81.7,176,14,94,Damascus,71.8,109,31,110,$1.02,77,Arabic,53.70%,28,1.22,100,"17,070,135",67,44.10%,167,14.20%,106,42.70%,68,8.37%,52,"9,358,019",61,34.802075,38.996815,Jordan 379 km,"2,814",70,193,103,FALSE,Muslim 87% (official; includes Sunni 74% and Alawi,23.5,136,4.07,165,27.80%,31,86.40%,97,"$2,900.00",149,82.50%,1,"$1,850,000,000.00",141,"['Saudi Arabia 23%', 'Turkey 18%', 'Egypt 14%']",46.60%,136,.sy
Jordan,115,JO,12.00%,161,"89,342",52,"116,000",52,21.98,68,962,Amman,"25,108",80,125.6,88,JOD,2.76,69,1.10%,172,$1.10,73,"$43,743,661,972",88,81.5,177,13.9,95,Amman,74.4,83,46,94,$1.49,59,Arabic,25.10%,111,2.32,70,"10,101,694",89,39.30%,174,15.10%,92,28.60%,145,14.72%,15,"9,213,048",62,30.585164,36.238414,West Bank 148 km,"1,854",114,26,79,FALSE,Muslim 97.1% (official; predominantly Sunni),23.5,135,3.47,171,35.50%,10,98.40%,39,"$9,200.00",110,15.70%,114,"$13,864,000,000.00",83,"['United States 26%', 'India 13%', 'Saudi Arabia 11%']",83%,64,.jo
The Bahamas,39,BS,1.40%,185,"13,880",162,"1,000",162,13.97,121,1,"Nassau, Bahamas","1,786",147,116.22,121,,1.75,130,51.40%,39,$0.92,103,"$12,827,000,000",134,81.4,178,8.3,123,"Nassau, Bahamas",73.8,91,70,81,$5.25,18,English,27.80%,103,1.94,82,"389,482",170,74.60%,26,14.80%,96,33.80%,116,10.36%,37,"323,784",163,25.03428,-77.39628,,,,,191,,,,,,,,,,,,,,,,,,,,
Senegal,87,SN,46.10%,69,"196,722",108,"19,000",108,34.52,22,221,Dakar,"10,902",97,109.25,159,XOF,4.63,20,42.80%,57,$1.14,61,"$23,578,084,052",110,81.0,179,31.8,49,Pikine,67.7,136,315,33,$0.31,126,French,44.20%,47,0.07,175,"16,296,364",70,45.70%,164,16.30%,85,44.80%,61,6.60%,64,"7,765,706",75,14.497401,-14.452362,Mali 489 km,648,149,531,29,FALSE,Muslim 97.2% (most adhere to one of the four main Sufi brotherhoods),19.4,157,5.00,150,8.80%,134,56.30%,133,"$3,500.00",145,46.70%,22,"$5,287,000,000.00",115,"['Mali 22%', 'Switzerland 14%', 'India 9%']",58%,123,.sn
Sudan,25,SD,28.70%,123,"1,861,484",49,"124,000",49,32.18,34,249,Khartoum,"20,000",85,"1,344.19",3,SDG,4.41,27,8.10%,149,$0.95,96,"$18,902,284,476",115,76.8,180,42.1,29,Omdurman,65.1,149,295,36,$0.41,111,Arabic,63.20%,15,0.26,146,"42,813,238",35,48.40%,156,8.00%,156,45.40%,59,16.53%,12,"14,957,233",48,12.862807,30.217636,Central African Republic 174 km,"3,042",53,853,7,FALSE,Sunni Muslim,18.3,164,6.19,118,6.60%,152,60.70%,131,"$3,700.00",144,46.50%,23,"$5,916,000,000.00",112,"['United Arab Emirates 31%', 'China 19%', 'Saudi Arabia 14%']",28.80%,158,.sd
Mali,17,ML,33.80%,108,"1,240,192",111,"18,000",111,41.54,4,223,Bamako,"3,179",135,108.73,160,XOF,5.88,4,3.80%,159,$1.12,67,"$17,510,141,171",119,75.6,181,62,11,Bamako,58.9,175,562,14,$0.23,137,French,46.30%,42,0.13,162,"19,658,031",59,70.80%,37,11.60%,128,54.50%,30,7.22%,58,"8,479,688",69,17.570692,-3.996166,"Mauritania 2,236 km","1,155",130,0,170,TRUE,Muslim 93.9%,16,175,8.30,63,8.60%,136,35.50%,144,"$2,100.00",163,42.10%,29,"$5,196,000,000.00",117,"['United Arab Emirates 66%', 'Switzerland 26%']",34%,149,.ml
Djibouti,43,DJ,73.40%,13,"23,200",122,"13,000",122,21.47,72,253,Djibouti City,620,161,120.25,101,DJF,2.73,71,0.20%,182,$1.32,38,"$3,318,716,359",161,75.3,182,49.8,22,Djibouti City,66.6,142,248,42,,,French,20.40%,128,0.22,149,"973,560",156,60.20%,107,,,37.90%,87,10.30%,39,"758,549",150,11.825138,42.590275,Eritrea 125 km,"2,021",106,314,64,FALSE,Sunni Muslim 94% (nearly all Djiboutians),24.9,122,7.08,90,13.50%,124,,,"$4,900.00",136,21.10%,85,"$5,160,000,000.00",118,"['Saudi Arabia 42%', 'India 15%', 'China 14%']",69%,106,.dj
Niger,19,NE,36.10%,101,"1,267,000",130,"10,000",130,46.08,1,227,Niamey,"2,017",145,109.32,158,XOF,6.91,1,0.90%,175,$0.88,114,"$12,928,145,120",133,74.7,183,48,25,Niamey,62,164,509,19,$0.29,129,French,52.30%,32,0.04,182,"23,310,715",56,72.00%,32,11.80%,124,47.20%,50,0.47%,174,"3,850,231",106,17.607789,8.081666,Algeria 951 km,"2,022",105,0,166,TRUE,Muslim 99.3%,14.8,178,9.66,34,5.50%,162,37.30%,143,"$1,200.00",175,40.80%,33,"$1,338,000,000.00",147,"['United Arab Emirates 54%', 'China 25%', 'France 7%']",22%,164,.ne
South Sudan,18,SS,,,"644,329",36,"185,000",36,35.01,21,211,Juba,"1,727",149,"4,583.71",1,SSP,4.7,16,,,$0.28,172,"$11,997,800,751",137,73.0,184,63.7,9,Juba,57.6,179,1150,1,,,English,61.30%,18,,,"11,062,113",83,72.40%,29,,,31.40%,130,12.24%,26,"2,201,250",126,6.8769919,31.3069788,final alignment pending negotiations and demarcation,"3,187",48,0,155,TRUE,Christian 60.5%,18.6,161,9.22,46,6.60%,151,34.50%,145,"$1,600.00",168,76.40%,2,"$4,652,000,000.00",120,"['China 88%', 'United Arab Emirates 5%']",7.90%,177,.ss
Eritrea,35,ER,75.20%,10,"117,600",32,"202,000",32,30.3,41,291,Asmara,711,159,,,ERN,4.06,36,14.90%,127,$2.00,1,"$2,065,001,626",169,68.4,185,31.3,50,Asmara,65.9,147,480,20,,,Tigrinya,52.40%,31,0.06,179,"6,333,135",111,78.40%,14,,,83.70%,4,5.14%,90,"1,149,670",143,15.179384,39.782334,"Ethiopia 1,033 km","3,018",54,"2,234",100,FALSE,Eritrean Orthodox,20.3,149,6.60,104,5%,168,76.60%,112,"$1,600.00",166,50%,18,"$624,300,000.00",158,"['China 62%', 'South Korea 28.3%']",22%,165,.er
Equatorial Guinea,50,GQ,10.10%,167,"28,051",161,"1,000",161,33.24,26,240,Malabo,"5,655",122,124.35,91,XAF,4.51,23,55.50%,32,,,"$11,026,774,945",140,61.8,186,62.6,10,Malabo,58.4,177,301,35,$1.05,75,Spanish,72.00%,9,0.4,136,"1,355,986",151,62.00%,94,6.10%,159,79.40%,5,6.43%,68,"984,812",146,1.650801,10.267895,Gabon 345 km,"3,008",55,296,75,FALSE,Roman Catholic 88%,20.3,148,8.90,53,8%,144,95.30%,67,"$14,600.00",79,44%,25,"$8,776,000,000.00",100,"['China 34%', 'India 19%', 'Spain 11%']",54%,126,.gq
Somalia,25,SO,70.30%,22,"637,657",107,"20,000",107,41.75,3,252,Mogadishu,645,160,,,SOS,6.07,2,10.00%,144,$1.41,25,"$4,720,727,278",156,23.4,187,76.6,3,Bosaso,57.1,181,829,5,,,Arabic,,,0.02,186,"15,442,905",72,47.40%,157,0.00%,168,,,11.35%,33,"7,034,861",77,5.152149,46.199616,Djibouti 61 km,"2,460",89,"3,025",74,FALSE,Sunni Muslim (Islam) (official,18.5,163,11.43,18,8.30%,141,,,"$1,100.00",176,,,"$819,000,000.00",154,"['United Arab Emirates 47%', 'Saudi Arabia 19%', 'India 5%']",14.50%,173,.so
Monaco,"26,337",MC,,,2,192,,,5.9,188,377,Monaco City,,,,,EUR,,,,,$2.00,2,"$7,184,844,193",149,0.0,188,2.6,175,Monaco City,,,,,$11.72,3,French,6.10%,179,6.56,3,"38,964",187,,,,,,,,,"38,964",179,43.7384176,7.4246158,France 6 km,162,165,4.1,46,FALSE,Roman Catholic 90% (official),55.4,1,10.92,21,,,,,"$115,700.00",3,,,"$964,600,000.00",152,"['Italy', 'Switzerland', 'Germany']",86%,51,.mc
Nauru,541,NR,,,21,191,,,,,674,Yaren District,,,,,AUD,,,,,,,"$133,000,000",191,0.0,189,,,,,,,,,,English,,,,,"10,084",192,,,,,,,,,,,-0.522778,166.931503,,70,169,30,67,TRUE,Protestant 60.4% (includes Nauru Congregational 35.7%,27,111,6.39,112,61%,1,,,"$11,900.00",99,,,"$31,101,000.00",175,"['Thailand 34%', 'Australia 16%', 'United States 13%']",84%,61,.nr
North Macedonia,83,,,,"25,713",172,,,,,389,Skopje,,,,,MKD,,,,,,,"$10,220,781,069",142,0.0,190,,,Skopje,,,,,,,Macedonian,35.60%,84,,,"1,836,713",148,,,,,,,,,,,41.608635,21.745275,Greece 234 km,"2,764",73,0,160,TRUE,Macedonian Orthodox 46.1%,39,43,9.61,36,22.40%,70,98.40%,41,"$16,500.00",71,21.60%,83,"$9,157,000,000.00",98,"['Germany 45%', 'Serbia 8%', 'Bulgaria 5%']",83%,65,.mk
Bosnia and Herzegovina,64,BA,43.10%,82,"51,197",129,"11,000",129,8.11,180,387,Sarajevo,"21,848",83,104.9,168,BAM,1.27,180,42.70%,58,$1.05,78,"$20,047,848,435",113,0.0,191,5,146,Tuzla Canton,77.3,49,10,141,$1.04,76,Bosnian,28.60%,97,2.16,74,"3,301,000",132,46.40%,161,20.40%,49,23.70%,159,18.42%,8,"1,605,144",136,43.915886,17.679076,Montenegro 242 km,"2,386",92,20,86,TRUE,Muslim 50.7%,43.3,20,10.26,29,17.90%,111,98.10%,45,"$15,700.00",72,16.90%,109,"$9,948,000,000.00",94,"['Germany 14%', 'Italy 12%', 'Croatia 11%']",76%,91,.ba
Eswatini,67,,,,"17,364",173,,,,,268,Mbabane,,,,,,,,,,,,"$3,791,304,348",160,0.0,192,,,Mbabane,,,,,,,English,11.30%,164,,,"1,093,238",155,,,28.60%,7,,,,,,,-26.522503,31.465866,South Africa 438 km,"1,862",112,0,167,TRUE,Christian 90% (Zionist - a blend of Christianity and traditional African religions - 40%,23.7,133,9.53,40,16.50%,117,88.40%,94,"$8,900.00",114,58.90%,9,"$2,132,000,000.00",139,['South Africa 94%'],59%,122,.sz
Vatican City,"2,003",,,,0,193,,,,,379,Vatican City,,,,,EUR,,,,,,,,,0.0,193,,,,,,,,,,Italian,,,,,836,193,,,,,,,,,,,41.902916,12.453389,,,,,193,,,,,,,,,,,,,,,,,,,,
Palestinian National Authority,847,,,,,,,,,,,,,,,,,,,,,,,,,0.0,194,,,,,,,,,,Arabic,,,,,,,,,,,,,,,,,31.952162,35.233154,,,,,194,,,,,,,,,,,,,,,,,,,,